A	MG642074
A	KP258696
A	KJ723468
A	KU316150
A	KJ723486
A	KU316135
A.2	KU316133
A.2	KP258740
A.2	HRSV/A/Texas_USA/A4-66125/1992
A.2	KP258703
A.2	KP258726
A.2	KU316170
A.2.1	RSV-A/US/BID-V8415/2001
A.2.1	A1998-12-21
A.2.1	A2000-3-4
A.2.1	02-017863
A.2.1	hRSV/A/Germany/03-01038/2003
A.2.1	KF530260
A.2.1	hRSV/A/Germany/05-01521/2005
A.2.1	hRSV/A/Germany/06-01417/2006
A.2.1.1	01-002215
A.2.1.1	Kilifi_11866_65_RSVA_2003
A.2.1.1	Kilifi_11865_75_RSVA_2004
A.2.1.1	hRSV/A/Germany/03-00557/2002
A.2.1.1	RSV-A/US/BID-V8522/2004
A.2.1.1	KF826827
A.2.1.1	RSV-A/US/BID-V8392/2003
A.2.1.1	RSV-A/US/BID-V7350/2002
A.2.1.1	06-000103
A.2.1.1	KF826826
A.2.1.1	KF530268
A.2.1.1	KF826841
A.2.1.1	KF826837
A.2.1.1	KF826846
A.3	KU316138
A.3	MG642034
A.3	KU316092
A.3	OK649658
A.3	OK649678
A.3	MG642056
A.3	KU316126
A.3	MG642033
A.3	FJ948820
A.3	KU950573
A.3	hRSV/A/Germany/01-01600/2001
A.3	KF826848
A.3	hRSV/A/USA/7H2/2011
A.3	KJ627352
A.3	Kilifi_10891_57_RSVA_2006
A.3	03-036456
A.3	hRSV/A/Germany/04-01960/2004
A.3	KJ627260
A.3	hRSV/A/Germany/00-02128/2000
A.3	OK649664
A.3	Kilifi_10899_38_RSVA_2009
A.3	hRSV/A/Germany/07-01176/2007
A.3	05-000417
A.3	hRSV/A/Germany/11-00752/2010
A.3	Kilifi_10891_51_RSVA_2008
A.3.1	09-000457
A.3.1	KF826838
A.3.1	KF530258
A.3.1	OK649601
A.3.1	BE08-5146
A.3.1	JF920047
A.3.1	JF920048
A.3.1	BE06-6650
A.3.1	07-039193
A.3.1	KY782635
A.3.1	KEN/KILIFI/WGS/1022_28/12/2011
A.3.1	Kilifi_10899_41_RSVA_2010
A.3.1	VN-119-7/09
A.3.1	MH760598
A.3.1	KF530261
A.3.1	hRSV/A/Germany/13-01268/2013
A.3.1	VN-372-6/10
A.3.1	KJ627315
A.3.1	KJ627297
A.3.1	KJ627351
A.3.1	KM578843
A.3.1	TBp-13-167
A.3.1	KX655647
A.3.1	KM517572
A.3.1	08-042735
A.3.1	hRSV/A/Germany/11-01819/2011
A.3.1	OK649652
A.3.1	hRSV/A/Germany/09-03766/2009
A.3.1	KF826833
A.3.1	A11
A.3.1	MK109785
A.3.1	KX655636
A.3.1	hRSV/A/USA/7C1/2010
A.3.1.1	MH760603
A.3.1.1	KP663728
A.3.1.1	KX765924
A.3.1.1	TOp-12-061
A.3.1.1	MH760600
A.3.1.1	KX765953
A.3.1.1	BJ69438
A.3.1.1	KEN/KILIFI/WGS/1322_17/04/2014
A.3.1.1	KX765960
A.3.1.1	KF530269
A.D	KX655626
A.D	hRSV/A/Panama/ICGES-128/2019
A.D	hRSV/A/Panama/ICGES-95/2019
A.D	Zam-LSK074_2019-03-13
A.D	MH760607
A.D	TH/B10625/2014
A.D	MH828496
A.D	hRSV/A/Germany/16-01800/2016
A.D	270103011
A.D	hRSV/A/Germany/19-01631/2019
A.D	010203022
A.D	SE01A-0172-V02
A.D	UU02-0053-V01
A.D	358103002
A.D	490103003
A.D	490103018
A.D	RSVA/6689/BJ/CHN/2019_12_01
A.D	RSVA/6914/BJ/CHN/2019_12_01
A.D	610102018
A.D	610102034
A.D	610102002
A.D	RSVA/20200306/BJ/CHN/2020_02_13
A.D	RSVA/20200310/BJ/CHN/2020_02_13
A.D	010203030
A.D	010203033
A.D	RSV-A/human/USA/WA-S23284/2019
A.D	RSV-A/human/USA/WA-S24957/2019
A.D	OQ941711
A.D	UU01A-0134-V02
A.D	hRSV/A/Germany/20-03551/2020
A.D	390103016
A.D	330103030
A.D	JX627336
A.D	MH760647
A.D	810101002
A.D	KX765974
A.D	RSV-A/human/USA/WA-S24923/2019
A.D	RSV-A/human/USA/WA-S23304/2020
A.D	SE02-0019-V01
A.D	810102042
A.D	810103004
A.D	490103035
A.D	490103015
A.D	490103029
A.D	490103025
A.D	hRSV/A/Germany/20-02702/2020
A.D	490103012
A.D	490103014
A.D	hRSV/A/Germany/13-00953/2012
A.D	340101011
A.D	MH828494
A.D	610102010
A.D	HRSV/A/Japan/21RS043iso/2021
A.D	HRSV/A/Japan/21U013iso/2021
A.D	HRSV/A/Japan/21U065iso/2021
A.D	HRSV/A/Japan/21U036iso/2021
A.D	HRSV/A/Japan/21U033iso/2021
A.D	HRSV/A/Japan/21U094iso/2021
A.D	HRSV/A/Japan/21U100iso/2021
A.D	HRSV/A/Japan/21U125iso/2021
A.D	HRSV/A/Japan/21U057iso/2021
A.D	HRSV/A/Japan/21U035iso/2021
A.D	010102023
A.D	OX02-9267-V01
A.D	hRSV/A/Germany/20-02446/2020
A.D	440103039
A.D	440103013
A.D	hRSV/A/Germany/19-01063/2018
A.D	HRSV/A/Philippines/99058/2019
A.D	UU02-0155-D08
A.D	UU02-0155-D03
A.D	310103042
A.D	UU02-0155-V01
A.D	UU02-0207-V01
A.D	310103043
A.D	0594
A.D	MW160768
A.D	010103022
A.D	390103008
A.D	440103023
A.D	RSV-A/human/USA/WA-S24973/2020
A.D	010103016
A.D	010103015
A.D	010103029
A.D	hRSV/A/Germany/20-02311/2020
A.D	hRSV/A/Germany/20-02443/2020
A.D	hRSV/A/Germany/20-02689/2020
A.D	hRSV/A/Germany/20-02684/2020
A.D	810103016
A.D	810103031
A.D	810103030
A.D	810103033
A.D	810103035
A.D	810103040
A.D	810103038
A.D	810103039
A.D	810103037
A.D	810103041
A.D	810103042
A.D	810103048
A.D	810103047
A.D	810103046
A.D	810103050
A.D	810103049
A.D	hRSV/A/Germany/14-01559/2014
A.D	TH/CB124/2013
A.D	MH760632
A.D.1	hRSV/A/Austria/MUW1451208/2021
A.D.1	RSV-A/human/USA/WA-S23312/2019
A.D.1	RSV-A/human/USA/WA-S23254/2019
A.D.1	RSV-A/human/USA/WA-S23256/2019
A.D.1	310103064
A.D.1	UU02-0153-D03
A.D.1	UU02-0153-D04
A.D.1	010103030
A.D.1	010103020
A.D.1	010103008
A.D.1	010103018
A.D.1	358103030
A.D.1	358103001
A.D.1	358103044
A.D.1	358103007
A.D.1	358103025
A.D.1	358103022
A.D.1	358103037
A.D.1	358103017
A.D.1	358103041
A.D.1	610102050
A.D.1	UU01A-0103-V02
A.D.1	RSV-A/human/USA/WA-S24994/2020
A.D.1	RSV-A/human/USA/WA-S23316/2020
A.D.1	610102029
A.D.1	610102041
A.D.1	610102047
A.D.1	610102037
A.D.1	PP352311
A.D.1	610102026
A.D.1	610102023
A.D.1	hRSV/A/Germany/20-03302/2020
A.D.1	SE01A-0163-V02
A.D.1	RSV-A/human/USA/WA-S24975/2020
A.D.1	RSV-A/human/USA/WA-S24951/2019
A.D.1	RSV-A/human/USA/WA-S24929/2019
A.D.1	OX02-9328-V01
A.D.1	OX02-9328-D02
A.D.1	440103040
A.D.1	OX02-8260-D04
A.D.1	OX02-8260-D03
A.D.1	OX02-8260-V01
A.D.1	OX02-9450-V01
A.D.1	OX01A-8374-V02
A.D.1	OX02-8639-V01
A.D.1	358102020
A.D.1	hRSV/A/Panama/ICGES-63/2022
A.D.1	hRSV-A-G43R40Y0
A.D.1	93557
A.D.1	ASU101584
A.D.1	hRSV-A-W13K36O8
A.D.1	hRSV-A-HS16195
A.D.1	hRSV-A-HCV10748
A.D.1	330103028
A.D.1	RSV-A/human/USA/WA-S24988/2020
A.D.1	hRSV/A/Germany/21-07063/2021
A.D.1	PP352310
A.D.1	RSV-A/human/USA/WA-S25005/2020
A.D.1	RSVLO178
A.D.1	RSV-A/human/USA/WA-S23287/2019
A.D.1	OX02-9216-D09
A.D.1	OX02-9843-V01
A.D.1	RSV-A/human/USA/WA-S23269/2019
A.D.1	358103018
A.D.1	hRSV/A/Germany/20-02591/2020
A.D.1	550102165
A.D.1	hRSV/A/Panama/ICGES-134/2019
A.D.1	hRSV/A/Panama/ICGES-107/2019
A.D.1	hRSV/A/Panama/ICGES-102/2019
A.D.1	hRSV/A/Panama/ICGES-83/2019
A.D.1	MN306031
A.D.1	RSV-A/human/USA/WA-S24991/2020
A.D.1	RSV-A/human/USA/WA-S24987/2020
A.D.1	RSV-A/human/USA/WA-S23265/2019
A.D.1.5	MN-MDH-RSVA-00157
A.D.1.5	HRSV/A/USA/TX-HOU-215186/2023
A.D.1.5	A19160808
A.D.1.5	hRSV/A/Panama/ICGES-355/2023
A.D.1.5	MN-MDH-RSVA-00925
A.D.1.5	MN-MDH-RSVA-00923
A.D.1.5	030-0001
A.D.1.5	HRSV/A/Argentina/PAISGONNET/8/2024-07-03
A.D.1.5	MN-MDH-RSVA-00392
A.D.1.5	RSV-A/human/USA/MA-Broad_MGH-16427/2023
A.D.1.5	hRSV-A-G43R99P3
A.D.1.5	hRSV-A-G43R54D6
A.D.1.5	hRSV-A-W13K35X7
A.D.1.5	hRSV-A-W13K31Y4
A.D.1.5	hRSV-A-HS15990
A.D.1.5	hRSV-A-HCV11629
A.D.1.5	MN-MDH-RSVA-01602
A.D.1.5	MN-MDH-RSVA-02719
A.D.1.5	MN-MDH-RSVA-01560
A.D.1.5	MN-MDH-RSVA-01319
A.D.1.5	hRSV-A-G43R44N6
A.D.1.5	RSV-A/human/USA/MA-Broad_MGH-16480/2023
A.D.1.5	RSV-A/human/USA/WA-S25719/2022
A.D.1.5	RSV-A/human/USA/WA-S25725/2022
A.D.1.5	MN-MDH-RSVA-01540
A.D.1.5	A19160758
A.D.1.5	A19160803
A.D.1.5	A19160782
A.D.1.5	MN-MDH-RSVA-00926
A.D.1.5	MN-MDH-RSVA-01022
A.D.1.5	MN-MDH-RSVA-01711
A.D.1.5	031-0014
A.D.1.5	031-0024
A.D.1.5	040-0013
A.D.1.5	MN-MDH-RSVA-01430
A.D.1.5	040-0042
A.D.1.5	MN-MDH-RSVA-01250
A.D.1.5	RSV-A/human/USA/OR-S24229/2023
A.D.1.5	RSV-A/human/USA/OR-S24679/2023
A.D.1.5	RSV-A/human/USA/OR-S24699/2023
A.D.1.5	RSV-A/human/USA/OR-S24493/2023
A.D.1.5	RSV-A/human/USA/WA-S25507/2024
A.D.1.5	RSV-A/human/USA/OR-S25511/2023
A.D.1.5	hRSV-A-G43R52G7
A.D.1.5	RSV-A/human/USA/MA-Broad_MGH-21387/2023
A.D.1.5	RSV-A/human/USA/MA-Broad_MGH-16051/2023
A.D.1.5	RSV-A/human/USA/OR-S23816/2023
A.D.1.5	HRSV/A/Argentina/PAIS-ALM/5/2023_05_15
A.D.1.5	HRSV/A/Argentina/PAIS-ALM/8/2023_05_22
A.D.1.5	2401V210003
A.D.1.5	2401V210035
A.D.1.5	HRSV/A/Argentina/PAIS-ALM/35/2023_06_11
A.D.1.5	WA-UW-29247
A.D.1.5	MN-MDH-RSVA-02544
A.D.1.5	MN-MDH-RSVA-01732
A.D.1.5	MN-MDH-RSVA-01422
A.D.1.5	MN-MDH-RSVA-01869
A.D.1.5	MN-MDH-RSVA-01935
A.D.1.5	MN-MDH-RSVA-01894
A.D.1.5	MN-MDH-RSVA-01803
A.D.1.5	MN-MDH-RSVA-02195
A.D.1.5	MN-MDH-RSVA-02528
A.D.1.5	MN-MDH-RSVA-01856
A.D.1.5	MN-MDH-RSVA-01933
A.D.1.5	MN-MDH-RSVA-01954
A.D.1.5	hRSV-A-RA9549663634
A.D.1.5	RSV-A/MX/UANL-92777/2023
A.D.1.5	93484
A.D.1.5	HRSV/A/Argentina/PAIS-ALM/29/2023_06_23
A.D.1.5	035-0024
A.D.1.5	HRSV/A/Argentina/PAIS-ALM/30/2023_06_04
A.D.1.5	HRSV/A/Argentina/PAIS-ALM/36/2023_06_15
A.D.1.5	HRSV/A/Argentina/PAIS-ALM/16/2023_05_23
A.D.1.5	011-0045
A.D.1.5	039-0008
A.D.1.5	HRSV/A/Argentina/PAIS-ALM/3/2023_05_17
A.D.1.5	HRSV/A/Argentina/PAIS-ALM/33/2023_05_27
A.D.1.5	HRSV/A/Argentina/PAIS-ALM/17/2023_05_25
A.D.1.5	HRSV/A/Argentina/PAIS-ALM/32/2023_05_11
A.D.1.5	HRSV/A/Argentina/PAIS-ALM/2/2023_05_12
A.D.1.5	HRSV/A/Argentina/PAIS-ALM/11/2023_05_29
A.D.1.5	HRSV/A/Argentina/PAIS-ALM/15/2023_05_22
A.D.1.5	MN-MDH-RSVA-00681
A.D.1.5	hRSV-A-G43R62V3
A.D.1.5	hRSV-A-G43R43W5
A.D.1.5	MN-MDH-RSVA-00689
A.D.1.5	MN-MDH-RSVA-01019
A.D.1.5	MN-MDH-RSVA-01715
A.D.1	490103007
A.D.1	070103030
A.D.1	MZ151854
A.D.1	MZ151855
A.D.1	070103004
A.D.1	070103029
A.D.1	070103006
A.D.1	070103022
A.D.1	070103008
A.D.1	070103015
A.D.1	070103019
A.D.1	hRSV/A/Germany/21-07326/2021
A.D.1	hRSV/A/Germany/22-01286/2021
A.D.1	hRSV/A/Panama/ICGES-97/2019
A.D.1	hRSV/A/Panama/ICGES-127/2019
A.D.1	550102134
A.D.1	550102145
A.D.1	340103013
A.D.1	340103010
A.D.1	340103023
A.D.1	SE01A-0194-V02
A.D.1	340103026
A.D.1	340103028
A.D.1	SE01A-0154-V02
A.D.1	SE01A-0146-V02
A.D.1	SE01A-0186-V02
A.D.1	SE01A-0141-V02
A.D.1	SE01A-0108-V02
A.D.1	550102114
A.D.1	PP352316
A.D.1	010103021
A.D.1	550102189
A.D.1	550102138
A.D.1	550102154
A.D.1	550102177
A.D.1	RSV-A/human/USA/WA-S25194/2020
A.D.1	RSV-A/human/USA/WA-S23344/2019
A.D.1	010202037
A.D.1	hRSV/A/Panama/ICGES-82/2019
A.D.1	hRSV/A/Panama/ICGES-139/2020
A.D.1	hRSV/A/Panama/ICGES-136/2020
A.D.1	RSV-A/human/USA/WA-S24953/2019
A.D.1	358103042
A.D.1	358103026
A.D.1	358103020
A.D.1	RSV00044
A.D.1	RSV-A/human/USA/WA-S23232/2019
A.D.1	RSV-A/human/USA/WA-S23318/2020
A.D.1	RSV-A/human/USA/WA-S25014/2020
A.D.1	RSV-A/human/USA/WA-S23245/2019
A.D.1	RSV-A/human/USA/WA-S24916/2019
A.D.1	RSV-A/human/USA/WA-S25207/2020
A.D.1	RSV-A/human/USA/WA-S23255/2019
A.D.1	RSV-A/human/USA/WA-S24985/2020
A.D.1	RSV-A/human/USA/WA-S24918/2019
A.D.1	550101030
A.D.1	RSV-A/human/USA/WA-S23353/2020
A.D.1	RSV-A/human/USA/WA-S25209/2020
A.D.1	RSV-A/human/USA/WA-S25210/2020
A.D.1	RSV-A/human/USA/WA-S25003/2020
A.D.1	010103019
A.D.1	340103020
A.D.1.4	RSVLO441
A.D.1.4	RSVLO476
A.D.1.4	RSV/Human/USA/MA-Broad_MGB-13685/2022
A.D.1.4	RSVA/human/USA/ND-USAFSAM-R00009/2022
A.D.1.4	PP760419
A.D.1.4	hRSV/A/USA/2022R3AE2/2022
A.D.1.4	WA-SCH-9357150
A.D.1.4	MN-MDH-RSVA-01805
A.D.1.4	MN-MDH-RSVA-01327
A.D.1.4	hRSV-A-RA4699174293
A.D.1.4	hRSV-A-RA1168346111
A.D.1.4	hRSV-A-RA1313865868
A.D.1.4	hRSV-A-RA6977976863
A.D.1.4	DW-RAT-088
A.D.1.4	DW-RAT-036
A.D.1.4	DW-RAT-081
A.D.1.4	DW-RAT-028
A.D.1.4	A19160768
A.D.1.4	A19160805
A.D.1.4	A19160794
A.D.1.4	A19160772
A.D.1.4	A19160778
A.D.1.4	A19160760
A.D.1.4	A19160786
A.D.1.4	A19160763
A.D.1.4	A19160769
A.D.1.4	A19160818
A.D.1.4	A19160817
A.D.1.4	A19160761
A.D.1.4	A19160756
A.D.1.4	A19160773
A.D.1.4	A19160811
A.D.1.4	A19160800
A.D.1.4	A19160783
A.D.1.4	A19160807
A.D.1.4	A19160788
A.D.1.4	A19160801
A.D.1.4	A19160802
A.D.1.4	A19160813
A.D.1.4	A19160812
A.D.1.4	A19160814
A.D.1.4	A19160799
A.D.1	hRSV/A/Panama/ICGES-133/2019
A.D.1	hRSV/A/Panama/ICGES-90/2019
A.D.1	340103016
A.D.1	SE01A-0106-V02
A.D.1	hRSV/A/Panama/ICGES-143/2020
A.D.1	hRSV/A/Panama/ICGES-131/2019
A.D.1	hRSV/A/Panama/ICGES-71/2020
A.D.1	RSVLO760
A.D.1	RSVLO765
A.D.1	RSVLO766
A.D.1	RSVLO862
A.D.1	MN-MDH-RSVA-01236
A.D.1	RSV-A/human/USA/MA-Broad_BWH-19942/2023
A.D.1	2312V040309
A.D.1	2401V120102
A.D.1	2401V030035
A.D.1	HRSV/A/Japan/23RS032iso/2024
A.D.1	011-0009
A.D.1	013-0026
A.D.1	018-0002
A.D.1	2312V080145
A.D.1	011-0049
A.D.1	006-0027
A.D.1	NIN-445
A.D.1	2021-R1859
A.D.1	2021-09R0322
A.D.1.7	RSVA/human/USA/TX-USAFSAM-R00047/2022
A.D.1.7	RSV-A/human/USA/WA-S23813/2023
A.D.1.7	RSV-A/human/USA/WA-S23814/2023
A.D.1.7	007-0011
A.D.1.7	007-0081
A.D.1.7	RSV-A/human/USA/OR-S23760/2022
A.D.1.7	hRSV-A-W13K20X6
A.D.1.7	hRSV/A/Panama/ICGES-359/2023
A.D.1.7	hRSV-A-W13J75Q6
A.D.1.7	RSV/Human/USA/MA-Broad_MGB-13770/2022
A.D.1.7	RSV/Human/USA/MA-Broad_MGB-13794/2022
A.D.1.7	RSVA/human/USA/OK-USAFSAM-R00030/2022
A.D.1.7	hRSV/A/Panama/ICGES-57/2022
A.D.1.7	hRSV/A/Panama/ICGES-24/2022
A.D.1	RSV-A/human/USA/WA-S24906/2020
A.D.1	hRSV/A/Germany/21-06625/2021
A.D.1	hRSV/A/Germany/22-00946/2021
A.D.1	hRSV/A/Germany/22-01741/2021
A.D.1	RSV-A/human/USA/WA-S23343/2020
A.D.1	DW-RAT-118
A.D.1	DW-RAT-005
A.D.1	NIN-534
A.D.1	RSVLO812
A.D.1	RSVLO562
A.D.1	RSVLO574
A.D.1	A18321015
A.D.1	RSVLO805
A.D.1	RSVLO793
A.D.1	RSVLO817
A.D.1	RSVLO848
A.D.1	A18321052
A.D.1	A18321036
A.D.1	A18321035
A.D.1	RSVLO783
A.D.1	RSVLO813
A.D.1	RSVLO761
A.D.1	RSVLO803
A.D.1	RSVLO838
A.D.1	RSVLO806
A.D.1	RSVLO822
A.D.1	RSVLO825
A.D.1	RSVLO826
A.D.1	RSVLO461
A.D.1	RSVLO407
A.D.1	RSVLO411
A.D.1	RSVLO416
A.D.1	RSVLO399
A.D.1	A18321086
A.D.1	NIN-447
A.D.1	NIN-450
A.D.1	RSVLO422
A.D.1	RSVLO482
A.D.1	RSVLO543
A.D.1	RSVLO810
A.D.1	RSVLO510
A.D.1	NIN-433
A.D.1	NIN-458
A.D.1	RSVLO419
A.D.1	hRSV-A-HS15883
A.D.1	hRSV-A-HS15892
A.D.1	RSVLO414
A.D.1	RSVLO412
A.D.1	A18321041
A.D.1	A18321043
A.D.1	A18321088
A.D.1	A18321047
A.D.1	RSVLO389
A.D.1	RSVLO401
A.D.1	RSVLO541
A.D.1	NIN-460
A.D.1	NIN-461
A.D.1	RSVLO540
A.D.1	RSVLO537
A.D.1	RSVLO406
A.D.1	RSVLO420
A.D.1	NIN-431
A.D.1	NIN-435
A.D.1	NIN-452
A.D.1	NIN-455
A.D.1	NIN-490
A.D.1	NIN-473
A.D.1	RSVLO1005
A.D.1	NIN-535
A.D.1	NIN-489
A.D.1	NIN-466
A.D.1	NIN-523
A.D.1	NIN-539
A.D.1	NIN-524
A.D.1	NIN-536
A.D.1	NIN-478
A.D.1	NIN-537
A.D.1	NIN-484
A.D.1	NIN-472
A.D.1	NIN-528
A.D.1	NIN-541
A.D.1	550102158
A.D.1	550102151
A.D.1	550102109
A.D.1	550102160
A.D.1	MN306054
A.D.1	MN306030
A.D.1	340102044
A.D.1	SE02-0002-D02
A.D.1	358102024
A.D.1	550102150
A.D.1	RSV-A/human/USA/WA-S24968/2019
A.D.1	610102012
A.D.1	610102017
A.D.1	886103001
A.D.1	OX02-9283-V01
A.D.1	330103011
A.D.1	UU01A-0151-V02
A.D.1	RSV-A/human/USA/WA-S23327/2020
A.D.1	RSV-A/human/USA/WA-S23331/2020
A.D.1	010103006
A.D.1	RSV-A/human/USA/WA-S23298/2019
A.D.1	358102023
A.D.1	RSV-A/human/USA/WA-S25184/2019
A.D.1	RSV-A/human/USA/WA-S23354/2020
A.D.1	RSV-A/human/USA/WA-S25002/2020
A.D.1	PP352312
A.D.1	RSV-A/human/USA/WA-S25012/2020
A.D.1	SE02-0018-D05
A.D.1	SE02-0018-V01
A.D.1	SE02-0103-D03
A.D.1	SE02-0103-D02
A.D.1	SE02-0103-V01
A.D.1	310103035
A.D.1	390103006
A.D.1	490103009
A.D.1	390103011
A.D.1	390103014
A.D.1	hRSV/A/Austria/MUW1228283/2020
A.D.1	hRSV/A/Panama/ICGES-203/2018
A.D.1	610102031
A.D.1	RSVLO10
A.D.1	358103050
A.D.1.1	RSV-A/human/USA/WA-S24980/2020
A.D.1.1	RSV-A/human/USA/WA-S25000/2020
A.D.1.1	RSV-A/human/USA/WA-S23230/2019
A.D.1.1	RSV-A/human/USA/WA-S23229/2019
A.D.1.1	WA-UW-2c2b1
A.D.1.1	RSV-A/human/USA/WA-S23275/2019
A.D.1.1	hRSV/A/USA/e1e92/2020
A.D.1.1	RSV-A/human/USA/WA-S23250/2019
A.D.1.1	RSV-A/human/USA/WA-S23267/2019
A.D.1.1	RSV-A/human/USA/WA-S23370/2020
A.D.1.1	RSV-A/human/USA/WA-S23309/2020
A.D.1.1	RSV-A/human/USA/WA-S23302/2019
A.D.1.1	RSV-A/human/USA/WA-S25214/2020
A.D.1.1	RSV-A/human/USA/WA-S24984/2020
A.D.1.1	RSV-A/human/USA/WA-S23333/2020
A.D.1.1	RSV-A/human/USA/WA-S24960/2019
A.D.1.1	RSV-A/human/USA/WA-S23292/2019
A.D.1.1	RSV-A/human/USA/WA-S25203/2020
A.D.1.1	RSV-A/human/USA/WA-S25217/2020
A.D.1.1	RSV-A/human/USA/WA-S23336/2020
A.D.1.1	RSV-A/human/USA/WA-S23294/2019
A.D.1.1	RSV-A/human/USA/WA-S23289/2019
A.D.1.1	RSV-A/human/USA/WA-S23352/2020
A.D.1.1	RSV-A/human/USA/WA-S25017/2020
A.D.1.1	RSV-A/human/USA/WA-S25228/2020
A.D.1	440103036
A.D.1	RSV-A/human/USA/WA-S23251/2019
A.D.1	RSV-A/human/USA/WA-S23365/2020
A.D.1	hRSV/A/Panama/ICGES-93/2019
A.D.1	RSV-A/human/USA/WA-S23356/2020
A.D.1	RSV-A/human/USA/WA-S23368/2020
A.D.1	RSV-A/human/USA/WA-S25191/2019
A.D.1	OX02-9657-V01
A.D.1	440103007
A.D.1	OX02-8720-V01
A.D.1	H82
A.D.1	550102116
A.D.1	490103028
A.D.1	hRSV/A/Germany/20-02910/2020
A.D.1	358103039
A.D.1	358103028
A.D.1	358103036
A.D.1	358103006
A.D.1	hRSV/A/Panama/ICGES-142/2020
A.D.1	RSV-A/human/USA/WA-S24919/2019
A.D.1	RSV-A/human/USA/WA-S23307/2020
A.D.1	RSV-A/human/USA/WA-S23279/2019
A.D.1	RSV-A/human/USA/WA-S25219/2020
A.D.1	RSV-A/human/USA/WA-S23361/2020
A.D.1	RSV-A/human/USA/WA-S24977/2020
A.D.1	RSV-A/human/USA/WA-S25212/2020
A.D.1	RSV-A/human/USA/WA-S24936/2019
A.D.1	RSV-A/human/USA/WA-S25008/2020
A.D.1	RSV-A/human/USA/WA-S25205/2020
A.D.1	RSV-A/human/USA/WA-S25007/2020
A.D.1	RSV-A/human/USA/WA-S24947/2019
A.D.1	RSV-A/human/USA/WA-S25195/2020
A.D.1	RSV-A/human/USA/WA-S24986/2020
A.D.1	RSV-A/human/USA/WA-S25185/2019
A.D.1	RSV-A/human/USA/WA-S24921/2019
A.D.1	RSV-A/human/USA/WA-S25198/2020
A.D.1	RSV-A/human/USA/WA-S23340/2020
A.D.1	UU01A-0172-V02
A.D.1	310103048
A.D.1	UU01A-0095-V02
A.D.1	310103025
A.D.1	UU01A-0165-V02
A.D.1	310103055
A.D.1	UU02-0202-V01
A.D.1	hRSV/A/Germany/20-03353/2020
A.D.1	310103013
A.D.1	UU02-0163-V01
A.D.1	490103001
A.D.1	490103027
A.D.1	490103010
A.D.1	490103022
A.D.1	490103026
A.D.1	490103032
A.D.1	490103024
A.D.1	490103023
A.D.1	358103048
A.D.1	310103059
A.D.1	310103023
A.D.1	UU01A-0112-V02
A.D.1	UU01A-0164-V02
A.D.1	UU01A-0141-V02
A.D.1	UU02-0154-D05
A.D.1	UU02-0154-V01
A.D.1	UU02-0159-V01
A.D.1	270103007
A.D.1	490103006
A.D.1	hRSV/A/Germany/20-03565/2020
A.D.1	HRSV/A/USA/TX-HOU-R06687/2021
A.D.1	RSVA/human/USA/MT-USAFSAM-R00040/2022
A.D.1	RSV-A/human/USA/OR-S24027/2022
A.D.1	hRSV-A-G43Q68M3
A.D.1	hRSV/A/Panama/ICGES-01/2023
A.D.1	hRSV/A/Panama/ICGES-45/2022
A.D.1	hRSV/A/Panama/ICGES-59/2022
A.D.1	hRSV/A/Panama/ICGES-40/2022
A.D.1	hRSV/A/Panama/ICGES-37/2022
A.D.1	hRSV/A/Panama/ICGES-44/2022
A.D.1	RSV-A/human/USA/MA-Broad_MGH-16571/2023
A.D.1	hRSV/A/Panama/ICGES-22/2022
A.D.1	hRSV/A/Panama/ICGES-47/2022
A.D.1	hRSV/A/Panama/ICGES-28/2022
A.D.1	hRSV/A/Panama/ICGES-60/2022
A.D.1	hRSV/A/Panama/ICGES-43/2022
A.D.1	hRSV/A/Panama/ICGES-69/2022
A.D.1	hRSV/A/Panama/ICGES-32/2022
A.D.1.8	RSV/Human/USA/MA-Broad_MGB-13599/2022
A.D.1.8	RSV/Human/USA/MA-Broad_MGB-13780/2022
A.D.1.8	RSV-A/human/USA/WA-S25742/2022
A.D.1.8	PP352324
A.D.1.8	RSV-A/human/USA/WA-S23374/2021
A.D.1.8	hRSV-A-W13K23C5
A.D.1.8	RSVA/human/USA/MO-USAFSAM-R00056/2023
A.D.1.8	WA-UW-55411
A.D.1.8	RSV/Human/USA/MA-Broad_MGB-13660/2022
A.D.1.8	RSV-A/human/USA/WA-S25724/2022
A.D.1.8	RSV-A/human/USA/WA-S25744/2022
A.D.1.8	RSV-A/human/USA/WA-S23749/2022
A.D.1.8	RSV-A/human/USA/WA-S25741/2023
A.D.1.8	RSV-A/human/USA/WA-S25723/2022
A.D.1.8	RSV-A/human/USA/WA-S24227/2022
A.D.1.8	RSVA/human/USA/NY-USAFSAM-R00011/2022
A.D.1.8	ASU102728
A.D.1.8	MN-MDH-RSVA-00843
A.D.1.8	MN-MDH-RSVA-00888
A.D.1.8	MN-MDH-RSVA-01975
A.D.1.8	MN-MDH-RSVA-01226
A.D.1.8	MN-MDH-RSVA-02172
A.D.1.8	MN-MDH-RSVA-02233
A.D.1.8	RSV-A/human/USA/WA-S25018/2021
A.D.1.8	RSV-A/human/USA/WA-S25722/2022
A.D.1.8	ASU102701
A.D.1.8	MN-MDH-RSVA-00315
A.D.1.8	MN-MDH-RSVA-00597
A.D.1.8	MN-MDH-RSVA-00600
A.D.1.8	MN-MDH-RSVA-00822
A.D.1.8	MN-MDH-RSVA-00825
A.D.1.8	MN-MDH-RSVA-00318
A.D.1.8	MN-MDH-RSVA-00813
A.D.1.8	MN-MDH-RSVA-00319
A.D.1	PP352290
A.D.1	RSVLO192
A.D.1	RSVLO62
A.D.1	RSVLO86
A.D.1	RSVLO18
A.D.1	hRSV/A/Germany/20-02746/2020
A.D.1	RSVLO88
A.D.1	RSVLO63
A.D.1	RSVLO36
A.D.1	UU01A-0105-V02
A.D.1	UU01A-0109-V02
A.D.1	UU01A-0093-V02
A.D.1	UU01A-0175-V02
A.D.1	RSVLO70
A.D.1	RSVLO352
A.D.1	RSVLO21
A.D.1	RSVLO81
A.D.1	RSVLO5
A.D.1	RSVLO37
A.D.1	RSVLO64
A.D.1	010203024
A.D.1	010203014
A.D.1	010103031
A.D.1	010203036
A.D.1	RSV-A/human/USA/WA-S25230/2020
A.D.1	RSV00047
A.D.1	RSV00045
A.D.1	010203015
A.D.1	010203012
A.D.1	RSV-A/human/USA/WA-S25180/2019
A.D.1	550102137
A.D.1	550102148
A.D.1	550102161
A.D.1	550102149
A.D.1	550102143
A.D.1	550102131
A.D.1	070103041
A.D.1	330102012
A.D.1	RSV-A/human/USA/WA-S23264/2019
A.D.1	RSVA/human/USA/NY-USAFSAM-R00054/2023
A.D.1	RSV/Human/USA/MA-Broad_MGB-13767/2022
A.D.1	RSV/Human/USA/MA-Broad_MGB-13768/2022
A.D.1	A18321048
A.D.1	RSV/Human/USA/MA-Broad_MGB-13808/2022
A.D.1	SE02-0101-V01
A.D.1	SE02-0100-D04
A.D.1	SE02-0100-D03
A.D.1	SE02-0100-D02
A.D.1	SE02-0100-V01
A.D.1	SE01A-0167-V02
A.D.1	SE02-0015-D02
A.D.1	340103038
A.D.1	340103007
A.D.1	SE01A-0137-V02
A.D.1	340103011
A.D.1	SE01A-0120-V02
A.D.1	340103024
A.D.1	SE01A-0139-V02
A.D.1	SE01A-0107-V02
A.D.1	SE01A-0110-V02
A.D.1	340103009
A.D.1	SE01A-0119-V02
A.D.1	070103033
A.D.1	070103023
A.D.1	610102044
A.D.1	440103038
A.D.1	OX01A-8668-V02
A.D.1	070103016
A.D.1.3	OM857291
A.D.1.3	OM857292
A.D.1.3	OM857293
A.D.1.3	OM857275
A.D.1.3	OM857353
A.D.1.3	OM857278
A.D.1.3	OM857277
A.D.1.3	OM857289
A.D.1.3	OM857270
A.D.1.3	OM857276
A.D.1.3	OM857272
A.D.1.3	OM857271
A.D.1.3	OM857288
A.D.1.3	OM857273
A.D.1.3	OM857352
A.D.1.3	OM857354
A.D.1.3	OM857286
A.D.1.3	OM857268
A.D.1.3	OM857285
A.D.1.3	OM857283
A.D.1.3	OM857284
A.D.1.3	OM857281
A.D.1.3	OM857350
A.D.1.3	OM857279
A.D.1.3	OM857351
A.D.1.3	OM857290
A.D.1.3	OM857274
A.D.1.3	OM857280
A.D.1.3	OM857269
A.D.1.3	OM857329
A.D.1.3	OM857317
A.D.1.3	OM857318
A.D.1.3	OM857316
A.D.1.3	OM857321
A.D.1.3	OM857348
A.D.1.3	OM857359
A.D.1.3	OM857319
A.D.1.3	OM857320
A.D.1.3	OM857345
A.D.1.3	OM857344
A.D.1.3	OM857362
A.D.1.3	OM857328
A.D.1.3	OM857294
A.D.1.3	OM857307
A.D.1.3	OM857311
A.D.1.3	OM857309
A.D.1.3	OM857324
A.D.1.3	OM857312
A.D.1.3	OM857310
A.D.1.3	OM857343
A.D.1.3	OM857308
A.D.1.3	OM857306
A.D.1.3	OM857346
A.D.1.3	OM857347
A.D.1.3	OM857323
A.D.1.3	OM857296
A.D.1.3	OM857295
A.D.1.3	OM857297
A.D.1.3	OM857313
A.D.1.3	OM857314
A.D.1.3	OM857326
A.D.1.3	OM857342
A.D.1.3	OM857330
A.D.1.3	OM857339
A.D.1.3	OM857331
A.D.1.3	OM857332
A.D.1.3	OM857337
A.D.1.3	OM857338
A.D.1.3	OM857340
A.D.1.3	OM857336
A.D.1.3	OM857341
A.D.1.3	OM857334
A.D.1.3	OM857300
A.D.1.3	OM857315
A.D.1.3	OM857299
A.D.1.3	OM857298
A.D.1.3	OM857325
A.D.1.3	OM857302
A.D.1.3	OM857305
A.D.1.3	OM857304
A.D.1.3	OM857301
A.D.1.3	OM857303
A.D.1.3	OM857242
A.D.1.3	OM857230
A.D.1.3	OM857231
A.D.1.3	OM857229
A.D.1.3	OM857228
A.D.1.3	OM857363
A.D.1.3	OM857234
A.D.1.3	OM857233
A.D.1.3	OM857227
A.D.1.3	OM857240
A.D.1.3	OM857249
A.D.1.3	OM857239
A.D.1.3	OM857214
A.D.1.3	OM857238
A.D.1.3	OM857213
A.D.1.3	OM857264
A.D.1.3	OM857355
A.D.1.3	OM857253
A.D.1.3	OM857265
A.D.1.3	OM857267
A.D.1.3	OM857360
A.D.1.3	OM857261
A.D.1.3	OM857254
A.D.1.3	OM857257
A.D.1.3	OM857258
A.D.1.3	OM857256
A.D.1.3	OM857259
A.D.1.3	OM857260
A.D.1.3	OM857255
A.D.1.3	OM857252
A.D.1.3	OM857251
A.D.1.3	OM857235
A.D.1.3	OM857358
A.D.1.3	OM857236
A.D.1.3	OM857232
A.D.1.3	OM857241
A.D.1.3	OM857250
A.D.1.3	OM857262
A.D.1.3	OM857263
A.D.1.3	OM857244
A.D.1.3	OM857364
A.D.1.3	OM857248
A.D.1.3	OM857266
A.D.1.3	OM857245
A.D.1.3	OM857247
A.D.1.3	OM857246
A.D.1.3	OM857222
A.D.1.3	OM857356
A.D.1.3	OM857237
A.D.1.3	OM857224
A.D.1.3	OM857220
A.D.1.3	OM857221
A.D.1.3	OM857349
A.D.1.3	OM857357
A.D.1.3	OM857218
A.D.1.3	OM857215
A.D.1.3	OM857219
A.D.1.3	OM857226
A.D.1.3	OM857225
A.D.1.3	OM857216
A.D.1.3	OM857217
A.D.1	RSV-A/human/USA/WA-S23342/2020
A.D.1	010103013
A.D.1	010103017
A.D.1	010103001
A.D.1	010103002
A.D.1	010103010
A.D.1	010103026
A.D.1	010103014
A.D.1	010103028
A.D.1	010103025
A.D.1	A19160776
A.D.1.6	PP352345
A.D.1.6	A19160759
A.D.1.6	A19160757
A.D.1.6	A19160764
A.D.1.6	A19160816
A.D.1.6	A19160797
A.D.1.6	A19160777
A.D.1.6	A19160779
A.D.1.6	A19160766
A.D.1.6	hRSV-A-HS16309
A.D.1.6	040-0034
A.D.1.6	040-0027
A.D.1.6	040-0040
A.D.1.6	026-0001
A.D.1.6	040-0022
A.D.1.6	040-0007
A.D.1.6	007-0046
A.D.1.6	040-0032
A.D.1.6	010-0027
A.D.1.6	035-0003
A.D.1.6	019-0014
A.D.1.6	019-0005
A.D.1.6	041-0001
A.D.1.6	019-0007
A.D.1.6	019-0017
A.D.1.6	019-0019
A.D.1.6	019-0009
A.D.1.6	019-0026
A.D.1.6	HRSV/A/USA/TX-HOU-217472/2024
A.D.1.6	HRSV/A/USA/TX-HOU-215323/2023
A.D.1.6	HRSV/A/USA/TX-HOU-215165/2023
A.D.1.6	MN-MDH-RSVA-01004
A.D.1.6	MN-MDH-RSVA-02732
A.D.1.6	MN-MDH-RSVA-02198
A.D.1.6	MN-MDH-RSVA-02536
A.D.1.6	MN-MDH-RSVA-02802
A.D.1.6	MN-MDH-RSVA-02568
A.D.1.6	MN-MDH-RSVA-02757
A.D.1.6	MN-MDH-RSVA-02203
A.D.1.6	MN-MDH-RSVA-02761
A.D.1.6	MN-MDH-RSVA-00551
A.D.1.6	MN-MDH-RSVA-00475
A.D.1.6	MN-MDH-RSVA-00527
A.D.1.6	MN-MDH-RSVA-00687
A.D.1.6	MN-MDH-RSVA-01001
A.D.1.6	MN-MDH-RSVA-00759
A.D.1.6	MN-MDH-RSVA-00691
A.D.1.6	MN-MDH-RSVA-00692
A.D.1.6	MN-MDH-RSVA-01438
A.D.1.6	MN-MDH-RSVA-02785
A.D.1.6	MN-MDH-RSVA-02773
A.D.1.6	MN-MDH-RSVA-02552
A.D.1.6	MN-MDH-RSVA-01923
A.D.1.6	MN-MDH-RSVA-01547
A.D.1.6	MN-MDH-RSVA-02723
A.D.1.6	MN-MDH-RSVA-02747
A.D.1.6	MN-MDH-RSVA-00473
A.D.1.6	MN-MDH-RSVA-00758
A.D.1.6	MN-MDH-RSVA-00765
A.D.1.6	HRSV/A/USA/TX-HOU-215345/2023
A.D.1.6	hRSV-A-HS19092
A.D.1.6	MN-MDH-RSVA-00519
A.D.1.6	hRSV-A-G43R80T8
A.D.1.6	MN-MDH-RSVA-01837
A.D.1.6	hRSV-A-G25Y06N6
A.D.1.6	MN-MDH-RSVA-01318
A.D.1.6	MN-MDH-RSVA-01934
A.D.1.6	MN-MDH-RSVA-02551
A.D.1.6	MN-MDH-RSVA-02512
A.D.1.6	MN-MDH-RSVA-02666
A.D.1.6	MN-MDH-RSVA-02661
A.D.1.6	MN-MDH-RSVA-02733
A.D.1.6	MN-MDH-RSVA-01903
A.D.1.6	MN-MDH-RSVA-02187
A.D.1.6	MN-MDH-RSVA-02714
A.D.1.6	MN-MDH-RSVA-01317
A.D.1.6	MN-MDH-RSVA-00279
A.D.1.6	MN-MDH-RSVA-00454
A.D.1.6	MN-MDH-RSVA-00460
A.D.1.6	MN-MDH-RSVA-00391
A.D.1.6	MN-MDH-RSVA-00528
A.D.1.6	MN-MDH-RSVA-00537
A.D.1.6	MN-MDH-RSVA-00021
A.D.1.6	hRSV-A-RA5829986388
A.D.1.6	hRSV-A-RA4935458511
A.D.1.6	MN-MDH-RSVA-01113
A.D.1.6	MN-MDH-RSVA-01986
A.D.1.6	MN-MDH-RSVA-02456
A.D.1.6	MN-MDH-RSVA-01778
A.D.1.6	MN-MDH-RSVA-01949
A.D.1.6	MN-MDH-RSVA-01303
A.D.1.6	MN-MDH-RSVA-02428
A.D.1.6	MN-MDH-RSVA-01111
A.D.1	550102122
A.D.1	550102102
A.D.1	RSV-A/human/USA/WA-S24993/2020
A.D.1	hRSV/A/Germany/20-01713/2020
A.D.1	hRSV/A/Germany/20-02470/2020
A.D.1	RSV-A/human/USA/WA-S23363/2020
A.D.1	RSV-A/human/USA/WA-S25227/2020
A.D.1	RSV-A/human/USA/WA-S25225/2020
A.D.1	RSV-A/human/USA/WA-S23341/2020
A.D.1	010103032
A.D.1	RSV-A/human/USA/WA-S23350/2020
A.D.1	RSV00048
A.D.1	RSV-A/human/USA/WA-S23335/2020
A.D.1	RSV-A/human/USA/WA-S23347/2020
A.D.1	RSV-A/human/USA/WA-S25200/2020
A.D.1	RSV-A/human/USA/WA-S25202/2020
A.D.1	RSV-A/human/USA/WA-S25222/2020
A.D.1	010203008
A.D.1	010203037
A.D.1	010203011
A.D.1	010203006
A.D.1	010203018
A.D.1	010203026
A.D.1	010203002
A.D.1	OX02-8438-V01
A.D.1	OX02-9885-V01
A.D.1	RSV-A/human/USA/WA-S25221/2020
A.D.1	hRSV/A/Germany/22-01361/2021
A.D.1	hRSV/A/Germany/22-01687/2021
A.D.1	hRSV/A/Austria/MUW1515402/2022
A.D.1	hRSV/A/Germany/22-02451/2021
A.D.1	hRSV/A/Germany/21-06292/2021
A.D.1	040-0021
A.D.1	014-0003
A.D.1	036-0004
A.D.1	009-0015
A.D.1	011-0029
A.D.1	041-0002
A.D.1	2312V010165
A.D.1	MN-MDH-RSVA-01898
A.D.1	HRSV/A/BEL/RVRA012/2023
A.D.1	031-0036
A.D.1	007-0025
A.D.1	025-0008
A.D.1	025-0022
A.D.1	038-0005
A.D.1	2312V120295
A.D.1	031-0030
A.D.1	040-0037
A.D.1	015-0014
A.D.1	015-0016
A.D.1	015-0013
A.D.1	015-0002
A.D.1	015-0009
A.D.1	040-0044
A.D.1	039-0026
A.D.1	039-0011
A.D.1	035-0036
A.D.1	035-0011
A.D.1	035-0021
A.D.1	035-0012
A.D.1	012-0006
A.D.1	035-0035
A.D.1	025-0021
A.D.1	035-0006
A.D.1	035-0004
A.D.1	035-0026
A.D.1	RSV-A/human/USA/WA-S25015/2020
A.D.1	Kilifi/RSVA/HF20007_16/03/2021
A.D.1	A18321101
A.D.1	Kilifi/RSVA/HF20204_2022-04-13
A.D.1	Kilifi/RSVA/HF20210_2022-05-19
A.D.1	Kilifi/RSVA/HF20165_2022-02-16
A.D.1	Kilifi/RSVA/HF20179_2022-03-01
A.D.1	Kilifi/RSVA/HF20174_2022-02-22
A.D.1	Kilifi/RSVA/HF20183_2022-03-02
A.D.1	Kilifi/RSVA/HF20198_2022-03-19
A.D.1	Kilifi/RSVA/HF20192_2022-03-10
A.D.1	Kilifi/RSVA/HF20212_2022-05-24
A.D.1	Kilifi/RSVA/HF20003_10/03/2021
A.D.1	Kilifi/RSVA/HF20191_2022-03-10
A.D.1	Kilifi/RSVA/HF20177_2022-02-27
A.D.1	Kilifi/RSVA/HF20182_2022-03-01
A.D.1	Kilifi/RSVA/HF20197_2022-03-16
A.D.1	Kilifi/RSVA/HF20163_2022-02-15
A.D.1	Kilifi/RSVA/HF20190_2022-03-09
A.D.1	Kilifi/RSVA/HF20164_2022-02-16
A.D.1	Kilifi/RSVA/HF20159_2022-02-09
A.D.1	Kilifi/RSVA/HF20214_2022-06-04
A.D.1	Kilifi/RSVA/HF20223_2022-09-07
A.D.1	Kilifi/RSVA/HF20196_2022-03-14
A.D.1	Kilifi/RSVA/HF20175_2022-02-23
A.D.1	Kilifi/RSVA/HF20217_2022-06-23
A.D.1	Kilifi/RSVA/HF20178_2022-02-28
A.D.1	Kilifi/RSVA/HF20157_2022-01-27
A.D.1	A18321083
A.D.1	A18321097
A.D.1	A18321100
A.D.1	A18321095
A.D.1	A18321098
A.D.1	A18321014
A.D.1	A19160804
A.D.1	A19160775
A.D.1	A19160791
A.D.1	A19160771
A.D.1	A19160784
A.D.1	NIN-556
A.D.1	025-0028
A.D.1	032-0021
A.D.1	HRSV/A/Japan/23U020iso/2024
A.D.1	HRSV/A/Japan/23U042iso/2024
A.D.1	HRSV/A/Japan/23U009iso/2024
A.D.1	WA-SCH-6108712
A.D.1	hRSV-A-HCV35852
A.D.1	MN-MDH-RSVA-01948
A.D.1	MN-MDH-RSVA-02555
A.D.1	MN-MDH-RSVA-02685
A.D.1	NIN-467
A.D.1	2312V080142
A.D.1	006-0003
A.D.1	018-0009
A.D.1	RSVLO1178
A.D.1	A19160774
A.D.1	HRSV/A/Japan/23U039iso/2024
A.D.1	Respiratory_swabs
A.D.1	RSV-A/human/USA/MA-Broad_MGH-22947/2024
A.D.1	MN-MDH-RSVA-02672
A.D.1	RSV-A/human/USA/MA-Broad_MGH-21758/2024
A.D.1	RSV-A/human/USA/MA-Broad_MGH-21847/2024
A.D.1	RSV-A/human/USA/MA-Broad_MGH-21844/2024
A.D.1	WA-UW-31968
A.D.1	MN-MDH-RSVA-01120
A.D.1	MN-MDH-RSVA-02523
A.D.1	MN-MDH-RSVA-02702
A.D.1	MN-MDH-RSVA-02519
A.D.1	MN-MDH-RSVA-02373
A.D.1	MN-MDH-RSVA-01557
A.D.1	040-0036
A.D.1	040-0043
A.D.1	032-0014
A.D.1	032-0010
A.D.1	038-0002
A.D.1	038-0007
A.D.1	029-0003
A.D.1	HRSV/A/BEL/RVRA011/2023
A.D.1	040-0045
A.D.1	006-0028
A.D.1	007-0065
A.D.1	035-0030
A.D.1	031-0009
A.D.1	013-0020
A.D.1	007-0019
A.D.1	WA-UW-61178
A.D.1	MN-MDH-RSVA-01247
A.D.1	025-0007
A.D.1	023-0010
A.D.1	033-0008
A.D.1	009-0036
A.D.1	010-0040
A.D.1	019-0027
A.D.1	011-0024
A.D.1	040-0038
A.D.1	2312V150053
A.D.1	039-0006
A.D.1	026-0034
A.D.1	033-0002
A.D.1	006-0003_1
A.D.1	004-0002
A.D.1	2311V140093
A.D.1	014-0004
A.D.1	Respiratory_swabs_1
A.D.1	023-0016
A.D.1	MN-MDH-RSVA-01515
A.D.1	MN-MDH-RSVA-02214
A.D.1	RSV-A/human/USA/MA-Broad_MGH-22989/2024
A.D.1	RSV-A/human/USA/MA-Broad_MGH-22715/2024
A.D.1	RSV-A/human/USA/MA-Broad_MGH-22939/2024
A.D.1	RSV-A/human/USA/MA-Broad_MGH-21848/2024
A.D.1	OZ251436
A.D.1	MN-MDH-RSVA-02574
A.D.1	MN-MDH-RSVA-02654
A.D.1	007-0008
A.D.1	011-0026
A.D.1	009-0005
A.D.1	011-0044
A.D.1	028-0005
A.D.1	039-0002
A.D.1	036-0003
A.D.1	2312V050316
A.D.1	2312V060243
A.D.1	2312V180111
A.D.1	2312V260263
A.D.1	2401V020232
A.D.1	330103039
A.D.1	RSV-A/human/USA/WA-S23359/2020
A.D.1	010103034
A.D.1	RSVLO313
A.D.1	OX02-8917-V01
A.D.1	OX01A-8998-V02
A.D.1	OX02-9175-V01
A.D.1	OX02-9011-V01
A.D.1	310103026
A.D.1	UU02-0217-V01
A.D.1	MN-MDH-RSVA-02781
A.D.1	MN-MDH-RSVA-02813
A.D.1	RSV-A/human/USA/WA-S23266/2019
A.D.1	RSV-A/human/USA/WA-S23320/2020
A.D.1	RSV-A/human/USA/WA-S24939/2019
A.D.1	RSV-A/human/USA/WA-S24992/2020
A.D.1	RSV-A/human/USA/WA-S25208/2020
A.D.1	RSV-A/human/USA/WA-S25218/2020
A.D.1	RSV-A/human/USA/WA-S23242/2019
A.D.1	OX02-8756-V01
A.D.1	OX02-9216-D02
A.D.1	OX02-9216-V01
A.D.1	RSV-A/human/USA/WA-S24942/2019
A.D.1	RSV-A/human/USA/WA-S23296/2019
A.D.1	RSV-A/human/USA/WA-S23324/2020
A.D.1	RSV-A/human/USA/WA-S23278/2019
A.D.1	RSV-A/human/USA/WA-S23238/2019
A.D.1	RSV-A/human/USA/WA-S24955/2019
A.D.1	RSV-A/human/USA/WA-S23280/2019
A.D.1	RSV-A/human/USA/WA-S24970/2020
A.D.1	RSV-A/human/USA/WA-S24940/2019
A.D.1	RSV-A/human/USA/WA-S23268/2019
A.D.1.2	OM857202
A.D.1.2	OM857192
A.D.1.2	OM857212
A.D.1.2	OM857198
A.D.1.2	OM857200
A.D.1.2	610103019
A.D.1.2	OM857199
A.D.1.2	OM857197
A.D.1.2	OM857195
A.D.1.2	OM857191
A.D.1.2	OM857193
A.D.1.2	OM857196
A.D.1.2	OM857194
A.D.1.2	OM857161
A.D.1.2	OM857162
A.D.1.2	610103015
A.D.1.2	610103011
A.D.1.2	OM857160
A.D.1.2	610103007
A.D.1.2	610103048
A.D.1.2	610103035
A.D.1.2	610103031
A.D.1.2	610103029
A.D.1.2	OM857208
A.D.1.2	610103009
A.D.1.2	610103008
A.D.1.2	OM857209
A.D.1.2	OM857187
A.D.1.2	OM857203
A.D.1.2	OM857183
A.D.1.2	OM857201
A.D.1.2	OM857179
A.D.1.2	OM857180
A.D.1.2	OM857169
A.D.1.2	OM857145
A.D.1.2	610103039
A.D.1.2	610103020
A.D.1.2	OM857168
A.D.1.2	OM857144
A.D.1.2	OM857152
A.D.1.2	610103044
A.D.1.2	OM857149
A.D.1.2	OM857146
A.D.1.2	610103022
A.D.1.2	610103047
A.D.1.2	OM857148
A.D.1.2	OM857153
A.D.1.2	OM857147
A.D.1.2	610103034
A.D.1.2	OM857151
A.D.1.2	610103018
A.D.1.2	OM857143
A.D.1.2	OM857205
A.D.1.2	OM857172
A.D.1.2	OM857173
A.D.1.2	610103010
A.D.1.2	OM857158
A.D.1.2	OM857142
A.D.1.2	610103024
A.D.1.2	610103032
A.D.1.2	610103045
A.D.1.2	OM857141
A.D.1.2	OM857140
A.D.1.2	OM857167
A.D.1.2	OM857178
A.D.1.2	610103003
A.D.1.2	OM857176
A.D.1.2	OM857189
A.D.1.2	OM857171
A.D.1.2	610103040
A.D.1.2	OM857156
A.D.1.2	OM857157
A.D.1.2	OM857155
A.D.1.2	610103038
A.D.1.2	610103013
A.D.1.2	610103005
A.D.1.2	OM857174
A.D.1.2	610103036
A.D.1.2	OM857166
A.D.1.2	OM857164
A.D.1.2	610103006
A.D.1.2	610103043
A.D.1.2	610103028
A.D.1.2	610103037
A.D.1.2	610103027
A.D.1.2	610103026
A.D.1.2	OM857177
A.D.1.2	OM857163
A.D.1.2	OM857207
A.D.1.2	610103021
A.D.1.2	OM857186
A.D.1.2	OM857154
A.D.1.2	610103017
A.D.1.2	610103004
A.D.1.2	OM857175
A.D.1.2	OM857190
A.D.1.2	610103041
A.D.1.2	OM857181
A.D.1.2	610103050
A.D.1.2	OM857188
A.D.1	010203021
A.D.1	PP352315
A.D.1	RSV-A/human/USA/WA-S23277/2019
A.D.1	MN-MDH-RSVA-00443
A.D.1	A19160755
A.D.1	RSV-A/human/USA/MA-Broad_MGH-22933/2024
A.D.1	RSVLO1201
A.D.1	2312V270152
A.D.1	032-0019
A.D.1	039-0018
A.D.1	007-0079
A.D.1	011-0051
A.D.1	011-0008
A.D.1	A19160798
A.D.1	MN-MDH-RSVA-01577
A.D.1	MN-MDH-RSVA-01329
A.D.1	MN-MDH-RSVA-02692
A.D.1	MN-MDH-RSVA-01788
A.D.1	032-0007
A.D.1	014-0002
A.D.1	GKISBBBB37986
A.D.1	MN-MDH-RSVA-01896
A.D.1	Kilifi/RSVA/HF20172_2022-02-22
A.D.1	Kilifi/RSVA/HF20211_2022-05-22
A.D.1	Kilifi/RSVA/HF20200_2022-03-25
A.D.1	Kilifi/RSVA/HF20203_2022-04-10
A.D.1	Kilifi/RSVA/HF20173_2022-02-22
A.D.1	Kilifi/RSVA/HF20027_25/01/2022
A.D.1	Kilifi/RSVA/HF20205_2022-04-13
A.D.1	Kilifi/RSVA/HF20213_2022-05-26
A.D.1	Kilifi/RSVA/HF20194_2022-03-11
A.D.1	Kilifi/RSVA/HF20195_2022-03-12
A.D.1	Kilifi/RSVA/HF20202_2022-03-30
A.D.1	Kilifi/RSVA/HF20216_2022-06-22
A.D.1	Kilifi/RSVA/HF20180_2022-03-02
A.D.1	Kilifi/RSVA/HF20206_2022-04-19
A.D.1	Kilifi/RSVA/HF20201_2022-03-28
A.D.1	010203035
A.D.1	RSV-A/human/USA/WA-S25224/2020
A.D.1	RSV-A/human/USA/WA-S23371/2020
A.D.1	RSV-A/human/USA/WA-S24931/2019
A.D.1	RSV-A/human/USA/WA-S23262/2019
A.D.1	RSV-A/human/USA/WA-S24926/2019
A.D.1	RSVLO342
A.D.1	RSV-A/human/USA/WA-S25186/2019
A.D.1	RSV-A/human/USA/WA-S23252/2019
A.D.1	RSV-A/human/USA/WA-S23283/2019
A.D.1	RSV-A/human/USA/WA-S24998/2020
A.D.1	RSV-A/human/USA/WA-S23306/2020
A.D.1	RSV-A/human/USA/WA-S25199/2020
A.D.1	RSV-A/human/USA/WA-S25216/2020
A.D.1	RSV-A/human/USA/WA-S23351/2020
A.D.1	RSV-A/human/USA/WA-S23329/2020
A.D.1	RSV-A/human/USA/WA-S25010/2020
A.D.1	RSV-A/human/USA/WA-S23263/2019
A.D.1	hRSV/A/USA/51175/2020
A.D.1	RSV-A/human/USA/WA-S24941/2019
A.D.1	RSV-A/human/USA/WA-S25189/2019
A.D.1	RSV-A/human/USA/WA-S23270/2019
A.D.1	RSV-A/human/USA/WA-S23339/2020
A.D.1	RSV-A/human/USA/WA-S23355/2020
A.D.1	RSV-A/human/USA/WA-S23367/2020
A.D.1	RSV-A/human/USA/WA-S23314/2020
A.D.1	RSV-A/human/USA/WA-S25215/2020
A.D.1	RSV-A/human/USA/WA-S25211/2020
A.D.1	RSV-A/human/USA/WA-S25226/2020
A.D.1	RSV-A/human/USA/WA-S25006/2020
A.D.1	RSV-A/human/USA/WA-S23369/2020
A.D.1	RSV-A/human/USA/WA-S24917/2019
A.D.1	RSV-A/human/USA/WA-S24971/2020
A.D.1	RSV-A/human/USA/WA-S24997/2020
A.D.1	RSV-A/human/USA/WA-S25188/2019
A.D.1	RSV-A/human/USA/WA-S25182/2019
A.D.1	RSV-A/human/USA/WA-S25192/2019
A.D.1	RSV-A/human/USA/WA-S24928/2019
A.D.1	RSV-A/human/USA/WA-S24983/2020
A.D.1	RSV-A/human/USA/WA-S23240/2019
A.D.1	RSV-A/human/USA/WA-S23319/2020
A.D.1	RSV-A/human/USA/WA-S23293/2019
A.D.1	RSV-A/human/USA/WA-S23295/2019
A.D.1	RSV-A/human/USA/WA-S24938/2019
A.D.1	RSV-A/human/USA/WA-S25016/2020
A.D.1	RSV-A/human/USA/WA-S24922/2019
A.D.1	RSV-A/human/USA/WA-S23297/2019
A.D.1	RSV-A/human/USA/WA-S23291/2019
A.D.1	RSV-A/human/USA/WA-S24943/2019
A.D.1	RSV-A/human/USA/WA-S23310/2020
A.D.1	RSV-A/human/USA/WA-S23233/2019
A.D.1	RSV-A/human/USA/WA-S24965/2019
A.D.1	RSV-A/human/USA/WA-S23311/2020
A.D.1	RSV-A/human/USA/WA-S24949/2019
A.D.1	RSV-A/human/USA/WA-S24920/2019
A.D.1	RSV-A/human/USA/WA-S24933/2019
A.D.1	RSV-A/human/USA/WA-S24948/2019
A.D.1	RSV-A/human/USA/WA-S23243/2019
A.D.1	RSV-A/human/USA/WA-S23345/2020
A.D.1	RSV-A/human/USA/WA-S24981/2020
A.D.1	RSV-A/human/USA/WA-S23231/2019
A.D.1	RSV-A/human/USA/WA-S25223/2020
A.D.1	RSV-A/human/USA/WA-S24978/2020
A.D.1	RSV-A/human/USA/WA-S25001/2020
A.D.1	RSV-A/human/USA/WA-S24962/2019
A.D.1	RSV-A/human/USA/WA-S23326/2020
A.D.1	RSV-A/human/USA/WA-S23366/2020
A.D.1	RSV-A/human/USA/WA-S24956/2019
A.D.1	RSV-A/human/USA/WA-S23286/2019
A.D.1	RSV-A/human/USA/WA-S23228/2019
A.D.1	RSV-A/human/USA/WA-S23236/2019
A.D.1	RSV-A/human/USA/WA-S23257/2019
A.D.1	RSV-A/human/USA/WA-S23253/2019
A.D.1	RSV-A/human/USA/WA-S23261/2019
A.D.1	RSV-A/human/USA/WA-S23244/2019
A.D.1	RSV-A/human/USA/WA-S25231/2020
A.D.1	RSV-A/human/USA/WA-S24995/2020
A.D.1	RSV-A/human/USA/WA-S23325/2020
A.D.1	RSV-A/human/USA/WA-S24996/2020
A.D.1	RSV-A/human/USA/WA-S25204/2020
A.D.1	RSV-A/human/USA/WA-S23282/2019
A.D.1	RSV-A/human/USA/WA-S24952/2019
A.D.1	RSV-A/human/USA/WA-S23288/2019
A.D.1	RSV-A/human/USA/WA-S23274/2019
A.D.1	RSV-A/human/USA/WA-S23258/2019
A.D.1	RSV-A/human/USA/WA-S24925/2019
A.D.1	RSV-A/human/USA/WA-S23303/2020
A.D.1	RSV-A/human/USA/WA-S24958/2019
A.D.1	RSV-A/human/USA/WA-S25213/2020
A.D.1	RSV-A/human/USA/WA-S24966/2020
A.D.1	RSV-A/human/USA/WA-S24961/2019
A.D.1	RSV-A/human/USA/WA-S24934/2019
A.D.1	RSV-A/human/USA/WA-S23276/2019
A.D.1	RSV-A/human/USA/WA-S23346/2020
A.D.1	RSV-A/human/USA/WA-S23259/2019
A.D.1	RSV-A/human/USA/WA-S23234/2019
A.D.1	RSV-A/human/USA/WA-S24946/2019
A.D.1	RSV-A/human/USA/WA-S23290/2019
A.D.1	RSV-A/human/USA/WA-S25187/2019
A.D.1	RSV-A/human/USA/WA-S23271/2019
A.D.1	RSV-A/human/USA/WA-S23301/2019
A.D.1	RSV-A/human/USA/WA-S24989/2020
A.D.1	RSV-A/human/USA/WA-S24972/2020
A.D.1	RSV-A/human/USA/WA-S24954/2019
A.D.1	RSV-A/human/USA/WA-S23249/2019
A.D	270102089
A.D	270101007
A.D	hRSV/A/Germany/17-02326/2017
A.D	KU950502
A.D	HRSV/A/Argentina/BA-HNRG-111/2015
A.D	KJ627264
A.D	KU950464
A.D	b39
A.D	Kilifi/RSVA/HF20168_2022-02-19
A.D	Kilifi/RSVA/HF20167_2022-02-18
A.D	Kilifi/RSVA/HF20170_2022-02-20
A.D	Kilifi/RSVA/HF20169_2022-02-20
A.D	Kilifi/RSVA/HF20176_2022-02-25
A.D	Kilifi/RSVA/HF20187_2022-03-08
A.D	HRSV/A/Argentina/BA-HNRG-058/2014
A.D	MH828500
A.D	010103003
A.D	KX765917
A.D	310101004
A.D	hRSV/A/Austria/MUW1120425/2019
A.D	610102021
A.D	A-16S016
A.D	010203017
A.D	070103025
A.D	070103024
A.D.2.1	UU01A-0150-V02
A.D.2.1	010203016
A.D.2.1	RSV-A/human/USA/WA-S23330/2020
A.D.2.1	PP352317
A.D.2.1	MN-MDH-RSVA-01074
A.D.2.1	hRSV-A-W13K31P4
A.D.2.1	A19160792
A.D.2.1	A19160793
A.D.2.1	RSV-A/human/USA/WA-S25780/2021
A.D.2.1	hRSV/A/USA/20223B286/2022
A.D.2.1	RSV-A/human/USA/WA-S25730/2022
A.D.2.1	hRSV/A/USA/2022LTGQ4/2022
A.D.2.1	PP203259
A.D.2.1	RSV-A/human/USA/WA-S25746/2022
A.D.2.1	RSV-A/human/USA/OR-S23789/2022
A.D.2.1	hRSV-A-G43R13V4
A.D.2.1	RSV-A/human/USA/WA-S25768/2023
A.D.2.1	RSV-A/human/USA/WA-S26027/2023
A.D.2.1	820103045
A.D.2.1	820103046
A.D.2.1	820103050
A.D.2.1	820103037
A.D.2.1	RSV-A/human/USA/WA-S24999/2020
A.D.2.1	RSV-A/human/USA/WA-S25009/2020
A.D.2.1	RSV-A/human/USA/WA-S23281/2019
A.D.2.1	RSV-A/human/USA/WA-S23308/2020
A.D.2.1	RSV-A/human/USA/WA-S23300/2019
A.D.2.1	820103052
A.D.2.1	820103039
A.D.2.1	UU01A-0148-V02
A.D.2.1	UU02-0161-D04
A.D.2.1	310103019
A.D.2.1	UU02-0161-V01
A.D.2.1	UU02-0167-V01
A.D.2.1	UU02-0165-D02
A.D.2.1	310103009
A.D.2.1	UU02-0165-V01
A.D.2.1	UU02-0221-V01
A.D.2.1	310103031
A.D.2.1	UU02-0157-V01
A.D.2.1	UU02-0211-V01
A.D.2.1	310103039
A.D.2.1	UU01A-0086-V02
A.D.2.1	490103019
A.D.2.1	UU01A-0096-V02
A.D.2.1	UU01A-0123-V02
A.D.2.1	UU01A-0128-V02
A.D.2.1	UU01A-0184-V02
A.D.2.1	UU01A-0076-V02
A.D.2.1	310103002
A.D.2.1	UU01A-0135-V02
A.D.2.1	UU01A-0126-V02
A.D.2.1	310103015
A.D.2.1	UU01A-0102-V02
A.D.2.1	310103037
A.D.2.1	UU02-0213-V01
A.D.2.2	358101026
A.D.2.2	HRSV/A/BEL/RVRA080/2019
A.D.2.2	HRSV/A/Argentina/BA-HNRG-397/2017
A.D.2.2	310103057
A.D.2.2	UU02-0151-V01
A.D.2.2	490103017
A.D.2.2	490103016
A.D.2.2	490103020
A.D.2.2	OX01A-8214-V02
A.D.2.2	810103005
A.D.2.2	RSV-A/human/USA/WA-S23348/2020
A.D.2.2	RSV-A/human/USA/WA-S23364/2020
A.D.2.2	550102123
A.D.2.2	550102142
A.D.2.2	RSV/A/Sagamihara_JPN/2021
A.D.2.2	RSA_Fukushima_OR371_2021
A.D.2.2	HRSV/A/Japan/20RS036iso/2021
A.D.2.2	HRSV/A/Japan/20RS027iso/2021
A.D.2.2	HRSV/A/Japan/20RS234iso/2021
A.D.2.2	HRSV/A/Japan/21RS044iso/2021
A.D.2.2	HRSV/A/Japan/21RS045iso/2021
A.D.2.2	810103014
A.D.2.2	810103019
A.D.2.2	810103021
A.D.2.2	810103020
A.D.2.2	810103015
A.D.2.2	810103007
A.D.2.2	810103002
A.D.2.2	810103010
A.D.2.2	810103011
A.D.2.2	810103012
A.D.2.2	Kilifi/RSVA/HF20089_08/11/2017
A.D.2.2	MK749893
A.D.2.2	610102039
A.D.2.2	070103032
A.D.2.2	hRSV/A/Germany/20-01906/2020
A.D.2.2	hRSV/A/Germany/20-03521/2020
A.D.2.2	358103032
A.D.2.2	358103040
A.D.2.2	358103005
A.D.2.2	358103024
A.D.2.2	358103033
A.D.2.2	358103019
A.D.2.2	358103031
A.D.2.2	358103035
A.D.2.2	sugckmmaht_NGO3
A.D.2.2	RSVA/Lebanon/14LJF289/2015
A.D.2.2	JF204
A.D.2.2	IM02-0037-V01
A.D.2.2	UU01A-0154-V02
A.D.2.2	330103027
A.D.2.2	hRSV/A/Germany/20-02765/2020
A.D.2.2	270102082
A.D.2.2	330103038
A.D.2.2	270103009
A.D.2.2	310103028
A.D.2.2	310103046
A.D.2.2	UU02-0205-V01
A.D.2.2	330103024
A.D.2.2	330103014
A.D.2.2	330103006
A.D.2.2	330103005
A.D.2.2	330103007
A.D.2.2	330103010
A.D.2.2	010203023
A.D.2.2	010203038
A.D.2.2	010203039
A.D.2.2	010203031
A.D.2.2	010203020
A.D.2.2	010203025
A.D.2.2	010203027
A.D.2.2	330103022
A.D.2.2	010103033
A.D.2.2	010203010
A.D.2.2	358101001
A.D.2.2	520103021
A.D.2.2	RSV-A/human/USA/WA-S25193/2019
A.D.2.2	RSV-A/human/USA/WA-S25220/2020
A.D.2.2	RSV-A/human/USA/WA-S23360/2020
A.D.2.2	MH760645
A.D.2.2	RSV-A/human/USA/WA-S25232/2020
A.D.2.2	RSV-A/human/USA/WA-S25011/2020
A.D.2.2	RSV-A/human/USA/WA-S23362/2020
A.D.2.2	RSV-A/human/USA/WA-S25206/2020
A.D.2.2	OX02-8584-V01
A.D.2.2.1	PP352298
A.D.2.2.1	Zam-LSK269_2018-06-16
A.D.2.2.1	hRSV/A/England/397/2017
A.D.2.2.1	A18321017
A.D.2.2.1	RSVLO570
A.D.2.2.1	hRSV/A/Panama/ICGES-85/2019
A.D.2.2.1	UU02-0203-V01
A.D.2.2.1	310103050
A.D.2.2.1	310103022
A.D.2.2.1	UU02-0220-V01
A.D.2.2.1	SE02-0102-D02
A.D.2.2.1	SE02-0102-V01
A.D.2.2.1	340103006
A.D.2.2.1	SE02-0021-D06
A.D.2.2.1	SE02-0021-D04
A.D.2.2.1	SE02-0021-D03
A.D.2.2.1	SE02-0021-V01
A.D.2.2.1	SE02-0021-D02
A.D.2.2.1	SE02-0021-D05
A.D	HRSV/A/Argentina/BA-HNRG-274/2016
A.D	TH/C3208/2012
A.D	HRSV/A/Philippines/99062/2019
A.D	BJ/45117
A.D	UU02-0055-V01
A.D	810103036
A.D	810103044
A.D	HRSV/A/Japan/22RS043iso/2023
A.D	RSA_Fukushima_OR343_2021
A.D	HRSV/A/Japan/21RS028iso/2021
A.D	HRSV/A/Japan/22RS027iso/2022
A.D	HRSV/A/Japan/22RS037iso/2022
A.D	HRSV/A/Japan/22U014iso/2022
A.D	HRSV/A/Japan/22U031iso/2022
A.D	HRSV/A/Japan/22U006iso/2022
A.D	HRSV/A/Japan/22RS011iso/2022
A.D	HRSV/A/Japan/22RS007iso/2022
A.D	HRSV/A/Japan/22RS002iso/2022
A.D	HRSV/A/Japan/22U010iso/2022
A.D	HRSV/A/Japan/22RS002-2iso/2022
A.D	HRSV/A/Japan/22U045iso/2022
A.D	KX765956
A.D	ON729319
A.D	MN306050
A.D	610102040
A.D	RSV00021
A.D	TH/B23964/2017
A.D	TH/B18177/2016
A.D	010203005
A.D	330103033
A.D	330103020
A.D	330103019
A.D	330103003
A.D	330103025
A.D	HRSV/A/Philippines/99072/2019
A.D	RSVA/20200255/BJ/CHN/2020_02_06
A.D	RSVA/20200384/BJ/CHN/2020_02_28
A.D	RSVA/20200066/BJ/CHN/2020_01_17
A.D	A-20S014
A.D	RSVA/20190817/BJ/CHN/2019_11_28
A.D	UU01A-0138-V02
A.D	UU01A-0136-V02
A.D	UU01A-0092-V02
A.D	RSV-A/human/USA/WA-S23349/2020
A.D	RSV-A/human/USA/WA-S24932/2019
A.D	RSV-A/human/USA/WA-S23226/2019
A.D	hRSV/A/Germany/20-01833/2020
A.D	490103008
A.D	hRSV/A/Germany/20-00993/2019
A.D	RSV-A/human/USA/WA-S25013/2020
A.D	RSV-A/human/USA/WA-S23299/2019
A.D	RSV-A/human/USA/WA-S24967/2020
A.D	RSV-A/human/USA/WA-S24963/2019
A.D	010103023
A.D	OX02-9839-V01
A.D	RSV-A/human/USA/WA-S24945/2019
A.D	RSV-A/human/USA/WA-S25197/2020
A.D	RSV-A/human/USA/WA-S24964/2019
A.D	RSV-A/human/USA/WA-S23235/2019
A.D	RSV-A/human/USA/WA-S24930/2019
A.D	RSV-A/human/USA/WA-S23315/2020
A.D	RSV-A/human/USA/WA-S23322/2020
A.D	RSV-A/human/USA/WA-S25201/2020
A.D	RSV-A/human/USA/WA-S25004/2020
A.D	RSV-A/human/USA/WA-S24950/2019
A.D	TH/CU91/2011
A.D.3	HRSV/A/Philippines/99077/2019
A.D.3	610102032
A.D.3	RSVA/18017/BJ/CHN/2019_12_01
A.D.3	886103010
A.D.3	886103005
A.D.3	RSVA/18023/BJ/CHN/2019_12_01
A.D.3	2019-R1423
A.D.3	2019-R1659
A.D.3	RSV-A/human/USA/WA-S23317/2020
A.D.3	RSV-A/human/USA/WA-S23334/2020
A.D.3	RSV-A/human/USA/WA-S23285/2019
A.D.3	RSV-A/human/USA/WA-S24969/2020
A.D.3	RSVLO260
A.D.3	820103033
A.D.3	RSV-A/human/USA/WA-S25715/2022
A.D.3	RSV-A/human/USA/WA-S25748/2022
A.D.3	WA-UW-12065
A.D.3	MN-MDH-RSVA-02386
A.D.3	A18321008
A.D.3	A18321042
A.D.3	RSVA/20200442/BJ/CHN/2020_03_19
A.D.3	RSV-A/human/USA/WA-S23357/2020
A.D.3	RSV-A/human/USA/WA-S23313/2020
A.D.3	RSV-A/human/USA/WA-S24924/2019
A.D.3	RSV-A/human/USA/WA-S23260/2019
A.D.3	hRSV-A-G25Y02X9
A.D.3	HRSV/A/Japan/23RS040iso/2024
A.D.3	RSV-A/human/USA/WA-S25183/2019
A.D.3	RSV-A/human/USA/WA-S23305/2020
A.D.3	RSV-A/human/USA/WA-S23272/2019
A.D.3	hRSV-A-G43S14A4
A.D.3	RSV-A/human/USA/WA-S26032/2023
A.D.3	2023-01R1071
A.D.3	A-22S024
A.D.3	A-23S428
A.D.3	A-21S131
A.D.3	A-21S121
A.D.3	A-22S080
A.D.3	A-21S172
A.D.3	A-22S008
A.D.3.1	820103055
A.D.3.1	009-0002
A.D.3.1	011-0020
A.D.3.1	KW/RSVA/52939
A.D.3.1	KW/RSVA/52942
A.D.3.1	RSV-A/human/USA/MA-Broad_MGH-16242/2023
A.D.3.1	A18321016
A.D.3.1	hRSV/A/Germany/22-01193/2021
A.D.3.1	A18321087
A.D.3.1	NIN-503
A.D.3.1	NIN-491
A.D.3.1	RSVLO391
A.D.3.1	RSVLO413
A.D.3.1	RSVLO466
A.D.3.1	hRSV/A/Germany/22-00730/2021
A.D.3.1	hRSV/A/Germany/22-02019/2021
A.D.3.1	RSVLO1253
A.D.3.1	NIN-516
A.D.3.1	RSVLO1259
A.D.3.1	hRSV-A-W13J93V3
A.D.3.1	MN-MDH-RSVA-00991
A.D.3.1	MN-MDH-RSVA-02710
A.D.3.1	MN-MDH-RSVA-01334
A.D.3.1	MN-MDH-RSVA-02441
A.D.3.1	MN-MDH-RSVA-02724
A.D.3.1	RSVLO424
A.D.3.1	A18321092
A.D.3.1	RSVLO1097
A.D.3.1	A18321018
A.D.3.1	A19160787
A.D.3.1	Respiratory_swabs_2
A.D.3.1	011-0025
A.D.3.1	040-0017
A.D.3.1	RSV-A/human/USA/OR-S25510/2023
A.D.3.1	RSV-A/human/USA/WA-S24914/2024
A.D.3.1	MN-MDH-RSVA-00730
A.D.3.1	hRSV-A-G43R44R2
A.D.3.1	hRSV-A-G25Y01W6
A.D.3.1	MN-MDH-RSVA-02671
A.D.3.1	MN-MDH-RSVA-02682
A.D.3.1	MN-MDH-RSVA-02378
A.D.3.1	MN-MDH-RSVA-01592
A.D.3.1	MN-MDH-RSVA-01862
A.D.3	RSVA/20190658/BJ/CHN/2019_08_06
A.D.3	330103036
A.D.3	330103026
A.D.3	330103017
A.D.3	SE01A-0160-V02
A.D.3	330102004
A.D.3	070103027
A.D.3	070103002
A.D.3	070103035
A.D.3	070103034
A.D.3	PP352314
A.D.3	PP760389
A.D.3	HRSV/A/Japan/23U017iso/2024
A.D.3	HRSV/A/Japan/22RS012iso/2022
A.D.3	HRSV/A/Japan/22RS018iso/2022
A.D.3	MN306045
A.D.3	MN306017
A.D.3	2312V110055
A.D.3	hRSV-A-G43Q52T0
A.D.3	hRSV/A/Germany/20-02660/2020
A.D.3	hRSV/A/Germany/20-02231/2020
A.D.3	OX02-9767-D09
A.D.3	OX02-9767-D07
A.D.3	OX02-9767-D06
A.D.3	OX02-9767-D02
A.D.3.2	PP508181
A.D.3.2	hRSV/A/Panama/ICGES-42/2022
A.D.3.2	PP352386
A.D.3.2	RSV-A/human/USA/OR-S24692/2023
A.D.3.2	PP352346
A.D.3.2	RSV-A/human/USA/MA-Broad_MGH-23514/2025
A.D.3.2	hRSV/A/Panama/ICGES-65/2022
A.D.3.2	WA-UW-43591
A.D.3.2	RSV-A/human/USA/MA-Broad_BWH-23336/2024
A.D.3.2	RSV-A/human/USA/WA-S25711/2022
A.D.3.2	RSV-A/human/USA/WA-S23781/2022
A.D.3.2	HRSV/A/USA/TX-HOU-215235/2023
A.D.3.2	RSV-A/human/USA/OR-S24496/2023
A.D.3.2	hRSV-A-RA9847816314
A.D.3.2	hRSV-A-RA4145879267
A.D.3.2	hRSV/A/Panama/ICGES-373/2024
A.D.3.2	hRSV/A/Panama/ICGES-364/2024
A.D.3.2	hRSV/A/Panama/ICGES-363/2024
A.D.3.2	hRSV/A/Panama/ICGES-374/2024
A.D.3.2	hRSV/A/Panama/ICGES-367/2024
A.D.3.2	hRSV/A/Panama/ICGES-375/2024
A.D.3	RSVA/20190755/BJ/CHN/2019_10_28
A.D.3	RSVA/20200736/BJ/CHN/2020_11_30
A.D.3	440103005
A.D.3	A-20S118
A.D.3	RSVA/20190587/BJ/CHN/2019_06_17
A.D.3	OX01A-8396-V02
A.D.3	OX02-8703-V01
A.D.3	OX01A-8459-V02
A.D.3	440103002
A.D.3	OX02-8017-V01
A.D.3	OX02-8017-D02
A.D.3	OX02-8299-V01
A.D.3	OX01A-8438-V02
A.D.3	MT422270
A.D.3	MT422269
A.D.3	MZ151853
A.D.3	MZ151852
A.D.3	886103015
A.D.3	2019-R5371
A.D.3	RSVA/20200215/BJ/CHN/2020_02_03
A.D.3	HRSV/A/Japan/22U049iso/2023
A.D.3	HRSV/A/Japan/22U001iso/2022
A.D.3	HRSV/A/Japan/22U009iso/2022
A.D.3	LC816567
A.D.3	HRSV/A/Japan/22U032iso/2022
A.D.3	2024-01VA01
A.D.3	HRSV/A/Japan/23U019iso/2024
A.D.3	HRSV/A/Japan/23U038iso/2024
A.D.3	HRSV/A/Japan/23U043iso/2024
A.D.3	HRSV/A/Japan/23U044iso/2024
A.D.3	RSV-A/human/USA/MA-Broad_BWH-23335/2024
A.D.3	hRSV-A-RA6955198773
A.D.3	hRSV-A-RA1929328122
A.D.3	MN-MDH-RSVA-02408
A.D.3	MN-MDH-RSVA-01571
A.D.3	MN-MDH-RSVA-02394
A.D.3	2019-R1724
A.D.3	UU02-0169-V01
A.D.3.3	PP352334
A.D.3.3	MN-MDH-RSVA-01559
A.D.3.3	RSV-A/human/USA/MA-Broad_MGH-21861/2024
A.D.3.3	hRSV/A/Panama/ICGES-16/2022
A.D.3.3	hRSV/A/Panama/ICGES-54/2022
A.D.3.3	hRSV-A-G25Y11S0
A.D.3.3	MN-MDH-RSVA-01786
A.D.3.3	MN-MDH-RSVA-02384
A.D.3.3	RSV-A/human/USA/WA-S25233/2021
A.D.3.3	NIN-453
A.D.3.3	RSV-A/human/USA/MA-Broad_BWH-20937/2024
A.D.3.3	RSVLO907
A.D.3.3	RSVLO895
A.D.3.3	RSVLO886
A.D.3.3	hRSV-A-G43Q80C0
A.D.3.3	RSV-A/human/USA/WA-S25769/2023
A.D.3.3	RSV-A/human/USA/WA-S26019/2023
A.D.3.3	WA-UW-44979
A.D.3.3	MN-MDH-RSVA-00326
A.D.3.3	MN-MDH-RSVA-00328
A.D.3.3	RSV-A/human/USA/WA-S25767/2023
A.D.3.3	RSV-A/human/USA/WA-S24683/2023
A.D.3.3	RSV-A/human/USA/WA-S24690/2023
A.D.3.3	WA-SCH-4975864
A.D.3.3	RSV-A/human/USA/WA-S25509/2023
A.D.3.3	RSV-A/human/USA/WA-S24497/2023
A.D.3	610102030
A.D.3	RSVA/20200073/BJ/CHN/2020_01_20
A.D.3	2020-ER0002
A.D.3	2020-10R0002
A.D.3	A-21S126
A.D.3	A-22S120
A.D.3	RSVA/20200286/BJ/CHN/2020_02_11
A.D.3	RSVA/20200035/BJ/CHN/2020_01_09
A.D.3	RSVA/20200285/BJ/CHN/2020_02_11
A.D.3	RSVA/20200213/BJ/CHN/2020_02_03
A.D.3	RSVA/6039/BJ/CHN/2019_12_01
A.D.3	ON729318
A.D.3	MN306048
A.D.3	RSV-A/human/USA/WA-S24990/2020
A.D.3	OX02-9775-V01
A.D.3	PP352313
A.D.3	017-0002
A.D.3	OX02-8806-V01
A.D.3	RSV-A/human/USA/WA-S24927/2019
A.D.3	RSV-A/human/USA/WA-S24937/2019
A.D.3	RSV-A/human/USA/WA-S23237/2019
A.D.3	RSV-A/human/USA/WA-S23227/2019
A.D.3	RSV-A/human/USA/WA-S24944/2019
A.D.3	RSV-A/human/USA/WA-S23332/2020
A.D.3	RSV-A/human/USA/WA-S23273/2019
A.D.3	OX02-9355-V01
A.D.3	PP411979
A.D.3	hRSV/A/Germany/22-00724/2021
A.D.3	RSVA/Novosibirsk/7_69Hl/2022
A.D.3	hRSV/A/Panama/ICGES-361/2024
A.D.3	hRSV/A/Panama/ICGES-343/2023
A.D.3	hRSV/A/Panama/ICGES-147/2023
A.D.3	A18321091
A.D.3	RSV/Human/USA/MA-Broad_MGB-13809/2022
A.D.3	RSV/Human/USA/MA-Broad_MGB-13729/2022
A.D.3	440103035
A.D.3	RSV-A/human/USA/WA-S23246/2019
A.D.3	RSVLO53
A.D.3	RSVLO98
A.D.3	RSVLO171
A.D.3	RSVLO83
A.D.3	RSVLO340
A.D.3	RSVLO33
A.D.3	RSVLO101
A.D.3	RSVLO71
A.D.3	RSVLO90
A.D.3	RSVLO51
A.D.3	RSVLO42
A.D.3	RSVLO303
A.D.3	RSVLO295
A.D.3	RSVLO370
A.D.3	RSVLO270
A.D.3	RSVLO77
A.D.3	RSVLO46
A.D.3	RSVLO15
A.D.3	RSVLO210
A.D.3	RSVLO257
A.D.3	RSVLO61
A.D.3	RSVLO59
A.D.3	RSVLO31
A.D.3	RSVLO34
A.D.3	RSVA/6049/BJ/CHN/2019_12_01
A.D.3	RSVA/6759/BJ/CHN/2019_12_01
A.D.3	RSVA/6809/BJ/CHN/2019_12_01
A.D.3	RSVA/20200043/BJ/CHN/2020_01_13
A.D.3	RSVA/20200065/BJ/CHN/2020_01_17
A.D.3	RSVA/20200115/BJ/CHN/2020_01_26
A.D.3	610102043
A.D.3	RSV-A/human/USA/WA-S23337/2020
A.D.3	RSVLO50
A.D.3	RSVLO139
A.D.3	RSVLO12
A.D.3	RSVLO39
A.D.3	RSVLO80
A.D.3	RSVLO6
A.D.3	RSVLO38
A.D.3	RSVLO20
A.D.3	RSVLO277
A.D.3	RSVLO100
A.D.3	RSVLO102
A.D.3	RSVLO167
A.D.3	RSVLO8
A.D.3	RSVLO238
A.D.3	330103009
A.D.3	hRSV/A/Germany/22-02323/2021
A.D.3	hRSV/A/USA/2022AF7QA/2022
A.D.3	Kilifi/RSVA/HF20225_2023-01-28
A.D.3	hRSV/A/Germany/23-01354/2022
A.D.3	MN-MDH-RSVA-01325
A.D.3	MN-MDH-RSVA-02775
A.D.3	MN-MDH-RSVA-00222
A.D.3	MN-MDH-RSVA-00517
A.D.3	MN-MDH-RSVA-00620
A.D.3	hRSV/A/Germany/23-02209/2022
A.D.3	A19160789
A.D.3	Kilifi/RSVA/HF20220_2022
A.D.3.6	MN-MDH-RSVA-00393
A.D.3.6	MN-MDH-RSVA-00521
A.D.3.6	MN-MDH-RSVA-00607
A.D.3.6	MN-MDH-RSVA-00748
A.D.3.6	MN-MDH-RSVA-00270
A.D.3	MN306029
A.D.3	RSV-A/human/USA/WA-S23323/2020
A.D.3	RSV-A/human/USA/WA-S25190/2019
A.D.3	RSV-A/human/USA/WA-S23328/2020
A.D.3.5	hRSV/A/Germany/23-00760/2022
A.D.3.5	hRSV/A/Germany/23-02238/2022
A.D.3.5	MN-MDH-RSVA-00399
A.D.3.5	MN-MDH-RSVA-00027
A.D.3.5	MN-MDH-RSVA-00195
A.D.3.5	MN-MDH-RSVA-00138
A.D.3.5	MN-MDH-RSVA-00129
A.D.3	LC816568
A.D.3	HRSV/A/Japan/22RS010iso/2022
A.D.3	HRSV/A/Japan/21U041iso/2021
A.D.3	HRSV/A/Japan/21RS030iso/2021
A.D.3	HRSV/A/Japan/21RS031iso/2021
A.D.3	HRSV/A/Japan/21RS065iso/2022
A.D.3	HRSV/A/Japan/21RS059iso/2022
A.D.3	HRSV/A/Japan/22U075iso/2023
A.D.3	HRSV/A/Japan/21RS008iso/2021
A.D.3	HRSV/A/Japan/20RS192iso/2021
A.D.3	HRSV/A/Japan/20RS208iso/2021
A.D.3	HRSV/A/Japan/20RS202-2iso/2021
A.D.3	HRSV/A/Japan/20RS097iso/2021
A.D.3	HRSV/A/Japan/20RS151iso/2021
A.D.3	HRSV/A/Japan/20RS165iso/2021
A.D.3	HRSV/A/Japan/20RS061iso/2021
A.D.3	886103008
A.D.3	MT422273
A.D.3	MT422271
A.D.3	MT422272
A.D.3	550102180
A.D.3	2023-12R0357
A.D.3	2023-02R1503
A.D.3	RSVA/20190721/BJ/CHN/2019_09_24
A.D.3	RSVA/20200067/BJ/CHN/2020_01_17
A.D.3	RSVA/20200284/BJ/CHN/2020_02_11
A.D.3	2021-R1982
A.D.3	A-21S170
A.D.3	009-0011
A.D.3	RSV-A/human/USA/WA-S25770/2023
A.D.3	A-21S180
A.D.3	A-22S043
A.D.3	2024-02R0101
A.D.3	A-21S035
A.D.3	A-22S146
A.D.3	PP411981
A.D.3	PP411984
A.D.3	A-19S003
A.D.3	RSVA/18022/BJ/CHN/2019_12_01
A.D.3	A-18S334
A.D.3	UU01A-0176-V02
A.D.3	RSV-A/human/USA/WA-S23372/2021
A.D.3	MN-MDH-RSVA-00170
A.D.3	RSV-A/human/USA/WA-S24224/2022
A.D.3	PP352385
A.D.3	PP760397
A.D.3	RSV-A/human/USA/WA-S23747/2022
A.D.3	RSV-A/human/USA/WA-S23748/2022
A.D.3	610102013
A.D.3	A18321054
A.D.3	A18321051
A.D.3	MN-MDH-RSVA-01734
A.D.3	hRSV/A/Panama/ICGES-383/2024
A.D.3	hRSV/A/Panama/ICGES-371/2024
A.D.3	DW-RAT-074
A.D.3	004-0005
A.D.3	hRSV-A-G43S29H4
A.D.3	HRSV/A/Japan/23RS055iso/2024
A.D.3	RSV-A/human/USA/WA-S24689/2023
A.D.3	RSV-A/human/USA/WA-S25502/2023
A.D.3	RSV-A/human/USA/WA-S24700/2023
A.D.3.4	hRSV-A-W13K29W5
A.D.3.4	RSV/Human/USA/MA-Broad_MGB-13720/2022
A.D.3.4	RSV-A/human/USA/MA-Broad_MGH-22708/2024
A.D.3.4	RSV-A/human/USA/MA-Broad_MGH-22627/2024
A.D.3	MN-MDH-RSVA-01854
A.D.3	MN-MDH-RSVA-01331
A.D.3	MN-MDH-RSVA-01538
A.D.3	MN-MDH-RSVA-01821
A.D.3	MN-MDH-RSVA-01924
A.D.3	MN-MDH-RSVA-01080
A.D.3	MN-MDH-RSVA-02459
A.D.3	MN-MDH-RSVA-01922
A.D.3	MN-MDH-RSVA-02653
A.D.3	MN-MDH-RSVA-02795
A.D.3	MN-MDH-RSVA-01302
A.D.3	MN-MDH-RSVA-01309
A.D.3	MN-MDH-RSVA-01971
A.D.3	MN-MDH-RSVA-02185
A.D.3	MN-MDH-RSVA-01970
A.D.3	MN-MDH-RSVA-02208
A.D.3	MN-MDH-RSVA-01959
A.D.3	MN-MDH-RSVA-02791
A.D.3	MN-MDH-RSVA-01824
A.D.3	MN-MDH-RSVA-02515
A.D.3	MN-MDH-RSVA-01316
A.D.3	MN-MDH-RSVA-01235
A.D.3	MN-MDH-RSVA-02184
A.D.3	MN-MDH-RSVA-02182
A.D.3	MN-MDH-RSVA-02563
A.D.3	MN-MDH-RSVA-01936
A.D.3	MN-MDH-RSVA-02559
A.D.3	MN-MDH-RSVA-02514
A.D.3	MN-MDH-RSVA-01582
A.D.3	MN-MDH-RSVA-01827
A.D.3	MN-MDH-RSVA-01108
A.D.3	MN-MDH-RSVA-01536
A.D.3	MN-MDH-RSVA-02543
A.D.3	MN-MDH-RSVA-01704
A.D.3	MN-MDH-RSVA-01789
A.D.3	MN-MDH-RSVA-01442
A.D.3	MN-MDH-RSVA-01963
A.D.3	MN-MDH-RSVA-02803
A.D.3	MN-MDH-RSVA-01981
A.D.3	MN-MDH-RSVA-01911
A.D.3	MN-MDH-RSVA-01107
A.D.3	MN-MDH-RSVA-02696
A.D.3	MN-MDH-RSVA-02219
A.D.3	MN-MDH-RSVA-01086
A.D.3	MN-MDH-RSVA-01093
A.D.3	MN-MDH-RSVA-01530
A.D.3	MN-MDH-RSVA-01553
A.D.3	MN-MDH-RSVA-02677
A.D.3	MN-MDH-RSVA-01087
A.D.3	MN-MDH-RSVA-01091
A.D.3	MN-MDH-RSVA-01310
A.D.3	MN-MDH-RSVA-02522
A.D.3	MN-MDH-RSVA-01575
A.D.3	MN-MDH-RSVA-01243
A.D.3	MN-MDH-RSVA-01078
A.D.3	MN-MDH-RSVA-01556
A.D.3	MN-MDH-RSVA-01242
A.D.3	MN-MDH-RSVA-02689
A.D.3	MN-MDH-RSVA-01873
A.D.3	MN-MDH-RSVA-01595
A.D.3	MN-MDH-RSVA-01121
A.D.3	MN-MDH-RSVA-01249
A.D.3	MN-MDH-RSVA-01241
A.D.3	MN-MDH-RSVA-02678
A.D.3	MN-MDH-RSVA-01834
A.D.3	MN-MDH-RSVA-01858
A.D.3	MN-MDH-RSVA-01780
A.D.3	MN-MDH-RSVA-02807
A.D.3	RSV-A/human/USA/WA-S23241/2019
A.D.3	RSV-A/human/USA/WA-S23247/2019
A.D.3	886103012
A.D.3	886103009
A.D.3	810103027
A.D.3	610102022
A.D.3	886103011
A.D.3	390103009
A.D.3	A-22S259
A.D.3	A-22S270
A.D.3	A-23S132
A.D.3	A-22S263
A.D.3	RSVLO49
A.D.3	RSVA/20200272/BJ/CHN/2020_02_10
A.D.3	RSVA/20200068/BJ/CHN/2020_01_17
A.D.3	RSVA/20200709/BJ/CHN/2020_11_11
A.D.3	2023-02R0778
A.D.3	MN-MDH-RSVA-01315
A.D.3	MN-MDH-RSVA-01426
A.D.3	A-23S205
A.D.3	2023-00R0337
A.D.3	A-21S164
A.D.3	RSVA/6818/BJ/CHN/2019_12_01
A.D.3	2018-R5990
A.D.3	RSV-A/human/USA/WA-S24935/2019
A.D.3	RSV-A/human/USA/WA-S24959/2019
A.D.3	RSV-A/human/USA/WA-S24979/2020
A.D.3	RSV-A/human/USA/WA-S23248/2019
A.D.3	010203013
A.D.3	Patient_D_D0
A.D.3	010203004
A.D.3	2021-01R0130
A.D.3	2023-12R0063
A.D.3	009-0020
A.D.3	RSVA/20190546/BJ/CHN/2019_05_05
A.D.3	RSVLO14
A.D.3	340103015
A.D.3	340103029
A.D.3	SE02-0023-D03
A.D.3	SE02-0023-V01
A.D.3	SE02-0023-D05
A.D.3	340103027
A.D.3	A-21S161
A.D.3	A-22S213
A.D.3	hRSV/A/Kunming/1052455/2024
A.D.3	2023-02R1462
A.D.3	A-21S166
A.D.3	A-21S152
A.D.3	A19160765
A.D.3	A-22S236
A.D.3	A-22S281
A.D.3	A-23S402
A.D.3	A-23S431
A.D.3	2023-03R0590
A.D.3	A-23S449
A.D.3	2022-07R0019
A.D.3	2023-R0878
A.D.3	2023-03R0418
A.D.3	A-23S263
A.D.3	A-23S184
A.D.3	hRSV/A/Kunming/1043622/2024
A.D.3	2023-02R1118
A.D.3	2023-01R0919
A.D.3	hRSV/A/Kunming/ET815/2024
A.D.3	A-23S421
A.D.3	2402V020241
A.D.3	2401V190175
A.D.3	2401V220086
A.D.3	RSVLO78
A.D.3	820103001
A.D.3	OX02-8086-D04
A.D.3	OX02-8086-D03
A.D.3	OX02-8086-V01
A.D.3	hRSV-A-D13J36K5
A.D.3	PP352355
A.D.3	RSVA/20200008/BJ/CHN/2020_01_03
A.D.3	OX02-9801-D06
A.D.3	OX02-9801-V01
A.D.3	MN-MDH-RSVA-00151
A.D.3	A18321093
A.D.3	PP352323
A.D.3	Respiratory_swabs_3
A.D.3	A18321053
A.D.3	A18321038
A.D.3	A18321050
A.D.3	A18321079
A.D.3	A18321090
A.D.3	RSV-A/human/USA/MA-Broad_MGH-16431/2023
A.D.3	RSV-A/human/USA/MA-Broad_MGH-21538/2023
A.D.3	RSV-A/human/USA/MA-Broad_MGH-16152/2023
A.D.3	RSV-A/human/USA/MA-Broad_MGH-21570/2023
A.D.3	RSV-A/human/USA/MA-Broad_MGH-16053/2023
A.D.3	hRSV-A-HCV11056
A.D.3	KW/RSVA/45534
A.D.3	KW/RSVA/44512
A.D.3	ASU102746
A.D.3	PP352364
A.D.3	hRSV-A-G43R57G2
A.D.3	MN-MDH-RSVA-00836
A.D.3	RSV-A/human/USA/MA-Broad_MGH-16504/2023
A.D.3	hRSV-A-W13K29E7
A.D.3	HRSV/A/USA/TX-HOU-217904/2024
A.D.3	MN-MDH-RSVA-00994
A.D.3	MN-MDH-RSVA-01007
A.D.3	Kilifi/RSVA/HF20207_2022-04-26
A.D.3	Kilifi/RSVA/HF20199_2022-03-21
A.D.3	Kilifi/RSVA/HF20215_2022-06-12
A.D.3	Kilifi/RSVA/HF20221_2022
A.D.3	hRSV/A/Germany/21-06819/2021
A.D.3	hRSV/A/Austria/MUW1446022/2021
A.D.3	hRSV/A/Germany/22-00766/2021
A.D.3	hRSV/A/Germany/22-02018/2021
A.D.3	RSVLO387
A.D.3	hRSV/A/Germany/21-07170/2021
A.D.3	hRSV/A/Germany/22-00774/2021
A.D.3	hRSV/A/Germany/22-00345/2021
A.D.3	hRSV/A/Germany/22-01517/2021
A.D.3	NIMH/NV/RSV
A.D.3	RSVLO799
A.D.3	012-0003
A.D.3	Respiratory_swabs_4
A.D.3	Respiratory_swabs_5
A.D.3	hRSV-A-G43R33H6
A.D.3	RSV/Human/USA/MA-Broad_MGB-13671/2022
A.D.3	MN-MDH-RSVA-01579
A.D.3	RSV-A/human/USA/MA-Broad_MGH-23019/2025
A.D.3	hRSV-A-G25Y12B0
A.D.3	MN-MDH-RSVA-01117
A.D.3	MN-MDH-RSVA-01100
A.D.3	MN-MDH-RSVA-01101
A.D.3	MN-MDH-RSVA-02217
A.D.3	MN-MDH-RSVA-02698
A.D.3	MN-MDH-RSVA-02413
A.D.3	MN-MDH-RSVA-02679
A.D.3	A18321013
A.D.3	039-0016
A.D.3	020-0002
A.D.3	035-0029
A.D.3	026-0016
A.D.3	026-0042
A.D.3	026-0031
A.D.3	040-0009
A.D.3	026-0009
A.D.3	026-0037
A.D.3	030-0005
A.D.3	013-0018
A.D.3	040-0060
A.D.3	007-0036
A.D.3	041-0004
A.D.3	036-0008
A.D.3	036-0018
A.D.3	036-0001
A.D.3	031-0029
A.D.3	2312V010037
A.D.3	H20-346-1102
A.D.3	025-0004
A.D.3	040-0026
A.D.3	038-0011
A.D.3	2312V040334
A.D.3	011-0011
A.D.3	2312V180285
A.D.3	2401V030153
A.D.3	011-0037
A.D.3	013-0014
A.D.3	035-0010
A.D.3	013-0028
A.D.3	2401V100239
A.D	KEN/KILIFI/WGS/1063_18/06/2012
A.D	KEN/KILIFI/WGS/1142_21/01/2013
A.D	KEN/KILIFI/WGS/1281_30/12/2014
A.D	KC731482
A.D.4	KEN/Kilifi/WGS/1589_26/01/2016
A.D.4	070103045
A.D.4	Kilifi/RSVA/HF20091_25/01/2018
A.D.4	Kilifi/RSVA/HF20002_06/03/2021
A.D.4	Kilifi/RSVA/HF20161_2022-02-11
A.D.4	Kilifi/RSVA/HF20014_23/03/2021
A.D.4	Kilifi/RSVA/HF20147_2021-03-26
A.D.4	Kilifi/RSVA/HF20016_25/03/2022
A.D.4	Kilifi/RSVA/HF20156_2022
A.D.4	Kilifi/RSVA/HF20029_31/01/2022
A.D.4	RSV-A/human/USA/WA-S25750/2023
A.D.4	026-0027
A.D.4	007-0088
A.D.4	026-0028
A.D.4	Kilifi/RSVA/HF20184_2022-03-04
A.D.4	Kilifi/RSVA/HF20150_2021-04-01
A.D.4	Kilifi/RSVA/HF20020_01/04/2021
A.D.4	Kilifi/RSVA/HF20013_22/03/2022
A.D.4	Kilifi/RSVA/HF20001_06/03/2021
A.D.4	Kilifi/RSVA/HF20145_2021-03-20
A.D.4	Kilifi/RSVA/HF20011_20/03/2021
A.D.4.1	270102075
A.D.4.1	270102094
A.D.4.1	270102055
A.D.4.1	270102091
A.D.4.1	270102099
A.D.4.1	270102054
A.D.4.1	270102051
A.D.4.1	270102058
A.D.4.1	270102062
A.D.4.1	270102060
A.D.4.1	270102071
A.D.4.1	270102096
A.D.4.1	270102052
A.D.4.1	270103001
A.D.4.1	270103004
A.D.4.1	270103003
A.D.4.1	PP784980
A.D.4.1	PP784982
A.D.4.1	PP784986
A.D.4.1	PP784981
A.D.4.1	PP784983
A.D.4.1	270102085
A.D.4.1	270102056
A.D.4.1	PP784984
A.D.4.1	PP784985
A.D.4.1	PP784987
A.D.4.1	270102086
A.D.4.1	270102048
A.D.4.1	270102081
A.D.4.1	270102079
A.D.4.1	270102072
A.D.4.1	270102074
A.D.4.1	270102084
A.D.4.1	270102069
A.D.4.1	270102097
A.D.4.1	270102098
A.D	MN536993
A.D.5	hRSV/A/Germany/20-02002/2020
A.D.5	UU01A-0124-V02
A.D.5	UU01A-0144-V02
A.D.5	UU01A-0155-V02
A.D.5	310103012
A.D.5	UU02-0164-V01
A.D.5	310103040
A.D.5	UU02-0160-D04
A.D.5	UU02-0160-V01
A.D.5	310103018
A.D.5	PP760414
A.D.5	PP203266
A.D.5	018-0010
A.D.5	025-0027
A.D.5.3	HRSV/A/Philippines/99085/2020
A.D.5.3	A18321049
A.D.5.3	A18321084
A.D.5.3	hRSV/A/Germany/23-01059/2022
A.D.5.3	RSVA/human/USA/WY-USAFSAM-R00028/2022
A.D.5.3	HRSV/A/Philippines/99073/2019
A.D.5.3	HRSV/A/Philippines/99079/2019
A.D.5.3	HRSV/A/Philippines/99076/2019
A.D.5.3	A18321094
A.D.5.3	RSVLO1069
A.D.5.3	010103027
A.D.5.3	HRSV/A/Philippines/99087/2020
A.D.5.3	PP352318
A.D.5.3	RSV-A/human/USA/WA-S25181/2019
A.D.5.3	RSVA/human/USA/NY-USAFSAM-R00015/2022
A.D.5.3	MN-MDH-RSVA-00267
A.D.5.3	hRSV-A-G43Q44L6
A.D.5.3	hRSV-A-HS9932
A.D.5.3	hRSV-A-HS9760
A.D.5.3	hRSV-A-HS9427
A.D.5.3	HRSV/A/Philippines/99071/2019
A.D.5.3	HRSV/A/Philippines/99082/2020
A.D.5.3	RSV-A/human/USA/WA-S24974/2020
A.D.5.3	HRSV/A/Philippines/99080/2019
A.D.5.3	NIN-475
A.D.5.3	RSVLO769
A.D.5.3	NIN-486
A.D.5.3	NIN-529
A.D.5.3	NIN-509
A.D.5.3	NIN-542
A.D.5.3	hRSV-A-G43R29D0
A.D.5.3	007-0002
A.D.5.3	031-0037
A.D.5.3	RSV-A/human/USA/OR-S24030/2023
A.D.5.3	RSV-A/human/USA/OR-S25505/2024
A.D.5.3	MN-MDH-RSVA-00259
A.D.5.3	RSV-A/human/USA/WA-S24677/2023
A.D.5	008-0014
A.D.5	hRSV/A/Germany/22-00458/2021
A.D.5	hRSV/A/Germany/22-00553/2021
A.D.5	hRSV/A/Germany/22-00983/2021
A.D.5	hRSV/A/Germany/22-01153/2021
A.D.5	hRSV/A/Germany/22-01154/2021
A.D.5	Kilifi/RSVA/HF20153_2021-04-01
A.D.5	Kilifi/RSVA/HF20023_01/04/2021
A.D.5	Kilifi/RSVA/HF20004_13/03/2021
A.D.5	Kilifi/RSVA/HF20166_2022-02-17
A.D.5	Kilifi/RSVA/HF20005_14/03/2021
A.D.5	Kilifi/RSVA/HF20012_21/03/2021
A.D.5	Kilifi/RSVA/HF20015_23/03/2021
A.D.5	Kilifi/RSVA/HF20000_03/03/2021
A.D.5	Kilifi/RSVA/HF20152_2021-04-01
A.D.5	Kilifi/RSVA/HF20022_01/04/2021
A.D.5	Kilifi/RSVA/HF20144_2021-03-20
A.D.5	Kilifi/RSVA/HF20010_20/03/2021
A.D.5	Kilifi/RSVA/HF20162_2022-02-13
A.D.5	Kilifi/RSVA/HF20185_2022-03-06
A.D.5	Kilifi/RSVA/HF20189_2022-03-09
A.D.5	Kilifi/RSVA/HF20181_2022-03-01
A.D.5	Kilifi/RSVA/HF20188_2022-03-09
A.D.5	Kilifi/RSVA/HF20193_2022-03-10
A.D.5	Kilifi/RSVA/HF20209_2022-05-03
A.D.5	Kilifi/RSVA/HF20158_2022-01-27
A.D.5	Kilifi/RSVA/HF20218_2022-07-06
A.D.5	Kilifi/RSVA/HF20171_2022-02-21
A.D.5	Kilifi/RSVA/HF20186_2022-03-07
A.D.5	Kilifi/RSVA/HF20028_31/01/2022
A.D.5	Kilifi/RSVA/HF20009_20/03/2021
A.D.5	Kilifi/RSVA/HF20019_29/03/2021
A.D.5	Kilifi/RSVA/HF20006_15/03/2021
A.D.5	Kilifi/RSVA/HF20148_2021-03-26
A.D.5	Kilifi/RSVA/HF20017_25/03/2022
A.D.5	Kilifi/RSVA/HF20024_03/04/2021
A.D.5	Kilifi/RSVA/HF20021_01/04/2021
A.D.5	Kilifi/RSVA/HF20151_2021-04-02
A.D.5	Kilifi/RSVA/HF20025_05/06/2021
A.D.5	Kilifi/RSVA/HF20155_2021-08-28
A.D.5	Kilifi/RSVA/HF20026_27/08/2021
A.D.5	Kilifi/RSVA/HF20160_2022-02-11
A.D.5	Kilifi/RSVA/HF20222_2022-08-30
A.D.5.4	MN-MDH-RSVA-00155
A.D.5.4	hRSV-A-G43R39G8
A.D.5.4	MN-MDH-RSVA-00017
A.D.5.4	MN-MDH-RSVA-00917
A.D.5.4	MN-MDH-RSVA-00742
A.D.5.4	MN-MDH-RSVA-00149
A.D.5.4	MN-MDH-RSVA-00284
A.D.5.4	MN-MDH-RSVA-00386
A.D.5.4	MN-MDH-RSVA-00038
A.D.5.4	MN-MDH-RSVA-00465
A.D.5.4	MN-MDH-RSVA-00990
A.D.5.4	MN-MDH-RSVA-00213
A.D.5.4	MN-MDH-RSVA-00339
A.D.5.4	MN-MDH-RSVA-00446
A.D.5.4	MN-MDH-RSVA-00899
A.D.5.4	MN-MDH-RSVA-00290
A.D.5.4	MN-MDH-RSVA-00161
A.D.5.4	MN-MDH-RSVA-00163
A.D.5.4	MN-MDH-RSVA-00468
A.D.5.4	MN-MDH-RSVA-00321
A.D.5.4	MN-MDH-RSVA-00134
A.D.5.4	MN-MDH-RSVA-00260
A.D.5.4	MN-MDH-RSVA-00471
A.D.5.4	MN-MDH-RSVA-00203
A.D.5.4	MN-MDH-RSVA-00255
A.D.5.4	MN-MDH-RSVA-00065
A.D.5.4	MN-MDH-RSVA-00221
A.D.5.4	MN-MDH-RSVA-00734
A.D.5.4	MN-MDH-RSVA-00606
A.D.5.4	MN-MDH-RSVA-00529
A.D.5.4	MN-MDH-RSVA-00976
A.D.5	010103009
A.D.5	OX02-8811-V01
A.D.5	RSV-A/human/USA/WA-S24982/2020
A.D.5	RSVA/20200132/BJ/CHN/2020_02_04
A.D.5	hRSV/A/Panama/ICGES-108/2019
A.D.5	RSVLO16
A.D.5	RSVLO290
A.D.5	RSVLO35
A.D.5	RSVLO208
A.D.5	OM256489
A.D.5	hRSV/A/Germany/20-02934/2020
A.D.5	070103009
A.D.5	010203034
A.D.5	886103004
A.D.5	886103007
A.D.5	610102038
A.D.5	610102045
A.D.5	310103063
A.D.5	270102026
A.D.5	270102050
A.D.5	hRSV/A/Germany/20-02637/2020
A.D.5	490103005
A.D.5	490103033
A.D.5	RSV-A/human/USA/WA-S24976/2020
A.D.5	HRSV/A/Philippines/99084/2020
A.D.5	HRSV/A/Philippines/99060/2019
A.D.5	HRSV/A/Philippines/99065/2019
A.D.5	RSV-A/human/USA/WA-S23239/2019
A.D.5	HRSV/A/Philippines/99078/2019
A.D.5	HRSV/A/Philippines/99068/2019
A.D.5	HRSV/A/Philippines/99074/2019
A.D.5	HRSV/A/Philippines/99064/2019
A.D.5	HRSV/A/Philippines/99066/2019
A.D.5	HRSV/A/Philippines/99075/2019
A.D.5	HRSV/A/Philippines/99070/2019
A.D.5	HRSV/A/Philippines/99069/2019
A.D.5	390103002
A.D.5	390103003
A.D.5	390103004
A.D.5	010203028
A.D.5	010203029
A.D.5	490103004
A.D.5	hRSV/A/Germany/20-02704/2020
A.D.5	A18321039
A.D.5	A18321045
A.D.5	A18321055
A.D.5	A18321096
A.D.5	hRSV/A/Germany/20-01942/2020
A.D.5	hRSV/A/Germany/22-02320/2021
A.D.5	330103004
A.D.5	490103031
A.D.5	330103031
A.D.5	hRSV/A/Germany/20-02604/2020
A.D.5	hRSV/A/Germany/22-02048/2021
A.D.5	hRSV/A/Germany/22-00726/2021
A.D.5	hRSV/A/Germany/22-00939/2021
A.D.5	RSVLO979
A.D.5	RSVLO830
A.D.5	RSVLO881
A.D.5	RSVLO1200
A.D.5	hRSV/A/Germany/21-07357/2021
A.D.5	hRSV/A/Germany/21-06264/2021
A.D.5	hRSV/A/Germany/22-00757/2021
A.D.5	hRSV/A/Germany/22-01933/2021
A.D.5.1	440103024
A.D.5.1	OX02-8271-V01
A.D.5.1	A18321089
A.D.5.1	RSVLO814
A.D.5.1	041-0003
A.D.5.1	PP508189
A.D.5.1	RSV-A/human/USA/MA-Broad_BWH-19949/2023
A.D.5.1	040-0047
A.D.5.1	2312V300027
A.D.5.1	Respiratory_swabs_6
A.D.5.1	Respiratory_swabs_7
A.D.5.1	A19160795
A.D.5.1	A19160815
A.D.5.1	A19160809
A.D.5.1	023-0017
A.D.5.1	009-0027
A.D.5.1	032-0020
A.D.5.1	MN-MDH-RSVA-02680
A.D.5.1	MN-MDH-RSVA-02651
A.D.5.1	MN-MDH-RSVA-02708
A.D.5.1	MN-MDH-RSVA-02789
A.D.5.1	029-0019
A.D.5.1	009-0028
A.D.5.1	013-0012
A.D.5.1	2311V090140
A.D.5.1	010-0041
A.D.5.1	038-0012
A.D.5.1	023-0012
A.D.5.1	012-0015
A.D.5.1	2312V060198
A.D.5.1	2312V170004
A.D.5.1	2312V140254
A.D.5.1	2312V120280
A.D.5.1	2310V290012
A.D.5.1	2310V250007
A.D.5.1	OX02-9970-V01
A.D.5.1	OX02-9571-V01
A.D.5.1	A18321012
A.D.5.1	H20-356-8540
A.D.5.1	Respiratory_swabs_8
A.D.5.1	RSVA/Novosibirsk/8_355/2022
A.D.5.1	hRSV-A-W13K17U1
A.D.5.1	hRSV-A-HCV11264
A.D.5.1	hRSV-A-HCV11260
A.D.5.1	hRSV-A-HCV11239
A.D.5.1	hRSV-A-HS15970
A.D.5.1	hRSV-A-HCV11091
A.D.5.1	RSV-A/human/USA/WA-S25734/2023
A.D.5.1	HRSV/A/USA/TX-HOU-217427/2024
A.D.5.1	hRSV-A-W13J88G7
A.D.5.1	hRSV-A-W13K31X2
A.D.5.1	MN-MDH-RSVA-00764
A.D.5.1	RSV-A/human/USA/WA-S26028/2023
A.D.5.1	hRSV-A-G43R71T6
A.D.5.1	RSV-A/human/USA/OR-S25508/2024
A.D.5.1	RSV-A/human/USA/MA-Broad_MGH-22976/2024
A.D.5.1	RSV-A/human/USA/OR-S24697/2023
A.D.5.1	RSV-A/human/USA/MA-Broad_MGH-21527/2023
A.D.5.1	RSV-A/human/USA/MA-Broad_MGH-22569/2024
A.D.5.1	MN-MDH-RSVA-02418
A.D.5.1	A19160780
A.D.5.1	RSVLO442
A.D.5.1	hRSV-A-W13J60A1
A.D.5.1	RSVLO910
A.D.5.1	ASU102784
A.D.5.1	RSV/Human/USA/MA-Broad_MGB-13636/2022
A.D.5.1	RSVLO1185
A.D.5.1	hRSV-A-HS16286
A.D.5.1	036-0028
A.D.5.1	RSV-A/human/USA/MA-Broad_MGH-21526/2023
A.D.5.1	2312V180265
A.D.5.1	010-0042
A.D.5.1	040-0048
A.D.5.1	014-0006
A.D.5.1	041-0007
A.D.5.1	012-0007
A.D.5.1	2401V190092
A.D.5.1	2312V260097
A.D.5.1	HRSV/A/Japan/23RS037iso/2024
A.D.5.1	HRSV/A/Japan/23RS022iso/2024
A.D.5.1	023-0013
A.D.5.1	007-0009
A.D.5.1	036-0027
A.D.5.1	007-0012
A.D.5.1	007-0023
A.D.5.1	007-0018
A.D.5.1	007-0080
A.D.5.1	007-0064
A.D.5.1	007-0028
A.D.5.1	007-0032
A.D.5.1	007-0045
A.D.5.1	007-0051
A.D.5.1	007-0017
A.D.5.1	007-0031
A.D.5.1	007-0020
A.D.5.1	007-0017_1
A.D.5	hRSV/A/Germany/20-03531/2020
A.D.5	UU01A-0159-V02
A.D.5.2	330103012
A.D.5.2	hRSV/A/Germany/22-02775/2021
A.D.5.2	011-0004
A.D.5.2	036-0029
A.D.5.2	011-0012
A.D.5.2	018-0012
A.D.5.2	2312V080102
A.D.5.2	hRSV/A/Germany/22-02025/2021
A.D.5.2	hRSV/A/Germany/22-00373/2021
A.D.5.2	hRSV/A/Germany/22-01307/2021
A.D.5.2	hRSV/A/Germany/22-02516/2021
A.D.5.2	RSV-A/human/USA/WA-S23771/2022
A.D.5.2	RSV-A/human/USA/WA-S23779/2022
A.D.5.2	RSV-A/human/USA/OR-S23798/2023
A.D.5.2	hRSV/A/USA/2022T3TPE/2022
A.D.5.2	RSV-A/human/USA/WA-S23756/2022
A.D.5.2	RSV-A/human/USA/WA-S23801/2022
A.D.5.2	hRSV/A/Panama/ICGES-372/2024
A.D.5.2	hRSV/A/Germany/22-00271/2021
A.D.5.2	hRSV/A/Germany/22-00723/2021
A.D.5.2	hRSV/A/Germany/23-00282/2022
A.D.5.2	hRSV/A/Germany/22-01987/2021
A.D.5.2	RSV-A/human/USA/WA-S25739/2022
A.D.5.2	hRSV-A-D13J36P0
A.D.5.2	hRSV/A/Germany/22-02061/2021
A.D.5.2	hRSV/A/Germany/22-02062/2021
A.D.5.2	Patient_B_D4
A.D.5.2	hRSV/A/Germany/22-00668/2021
A.D.5.2	hRSV/A/Germany/23-01795/2022
A.D.5.2	hRSV/A/Germany/22-00758/2021
A.D.5.2	hRSV-A-G43Q36V5
A.D.5.2	040-0053
A.D.5.2	2310V300209
A.D.5.2	hRSV/A/Germany/22-00203/2021
A.D.5.2	hRSV/A/Germany/22-01323/2021
A.D.5.2	MN-MDH-RSVA-01251
A.D.5.2	hRSV/A/Germany/22-01300/2021
A.D.5.2	hRSV/A/Germany/22-01320/2021
A.D.5.2	hRSV/A/Germany/22-01311/2021
A.D.5.2	RSVLO434
A.D.5.2	hRSV/A/Germany/22-00857/2021
A.D.5.2	A18321037
A.D.5.2	Patient_E_D17
A.D.5.2	Patient_E_D14
A.D.5.2	Patient_E_D12
A.D.5.2	hRSV/A/Germany/22-01974/2021
A.D.5.2	hRSV/A/Germany/21-07100/2021
A.D.5.2	hRSV/A/Germany/21-07026/2021
A.D.5.2	A18321081
A.D.5.2	hRSV/A/Germany/23-00870/2022
A.D.5.2	hRSV/A/Germany/23-00712/2022
A.D.5.2	Patient_G_D5
A.D.5.2	Patient_G_D2
A.D.5.2	Patient_G_D10
A.D.5.2	A19160806
A.D.5.2	A19160762
A.D.5.2	A19160767
A.D.5.2	A18321046
A.D.5.2	A18321082
A.D.5.2	RSVLO1001
A.D.5.2	hRSV/A/Austria/MUW1561554/2022
A.D.5.2	A18321040
A.D.5.2	A18321020
A.D.5.2	A18321034
A.D.5.2	RSV-A/human/USA/WA-S23373/2021
A.D.5.2	Beijing/China/2023A
A.D.5.2	2023-02R1155
A.D.5.2	HRSV/A/Japan/23RS043iso/2024
A.D.5.2	HRSV/A/Japan/23RS028iso/2024
A.D.5.2	H20-346-1251
A.D.5.2	hRSV-A-G43R32U1
A.D.5.2	LC816569
A.D.5.2	LC816571
A.D.5.2	LC816570
A.D.5.2	MN-MDH-RSVA-00207
A.D.5.2	A19160785
A.D.5.2	A19160810
A.D.5.2	A19160790
A.D.5.2	A19160770
A.D.5.2	039-0012
A.D.5.2	004-0004
A.D.5.2	040-0025
A.D.5.2	MN-MDH-RSVA-02294
A.D.5.2	MN-MDH-RSVA-01511
A.D.5.2	MN-MDH-RSVA-01526
A.D.5.2	hRSV-A-G43R44N3
A.D.5.2	MN-MDH-RSVA-01572
A.D.5.2	MN-MDH-RSVA-01870
A.D.5.2	MN-MDH-RSVA-02389
A.D.5.2	MN-MDH-RSVA-01791
A.D.5.2	MN-MDH-RSVA-02577
A.D.5.2	MN-MDH-RSVA-02797
A.D.5.2	MN-MDH-RSVA-02526
A.D.5.2	hRSV/A/Panama/ICGES-344/2023
A.D.5.2	hRSV/A/Germany/22-00290/2021
A.D.5.2	RSV/Human/USA/MA-Broad_MGB-13699/2022
A.D.5.2	PP508183
A.D.5.2	PP508184
A.D.5.2	HRSV/A/BEL/RVRA126/2020
A.D.5.2	041-0005
A.D.5.2	RSV/Human/USA/MA-Broad_MGB-13722/2022
A.D.5.2	PP352348
A.D.5.2	PP352366
A.D.5.2	Patient_A_D7
A.D.5.2	Patient_C_D0
A.D.5.2	hRSV/A/Germany/22-02371/2021
A.D.5.2	hRSV/A/Germany/22-03065/2022
A.D.5.2	PP508188
A.D.5.2	MN-MDH-RSVA-01897
A.D.5.2	MN-MDH-RSVA-02527
A.D.5.2	008-0011
A.D.5.2	018-0008
A.D.5.2	hRSV/A/Panama/ICGES-336/2023
A.D.5.2	hRSV/A/Panama/ICGES-358/2023
A.D.5.2	hRSV/A/Panama/ICGES-356/2023
A.D.5.2	hRSV/A/Panama/ICGES-365/2024
A.D.5.2	hRSV/A/Panama/ICGES-369/2024
A.D.5.2	hRSV/A/Panama/ICGES-370/2024
A.D.5.2	hRSV/A/Panama/ICGES-376/2024
A.D.5.2	hRSV/A/Panama/ICGES-360/2024
A.D.5.2	hRSV/A/Panama/ICGES-366/2024
A.D.5.2	hRSV/A/Panama/ICGES-362/2024
A.D.5.2	hRSV-A-W13J50D6
A.D.5.2	hRSV-A-W13K17H5
A.D.5.2	A18321080
A.D.5.2	A18321019
A.D.5.2	A18321085
A.D.5.2	A18321099
A.D.5.2	2401V020003
A.D.5.2	004-0008
A.D.5.2	007-0004
A.D.5.2	018-0004
A.D.5.2	015-0017
A.D.5.2	019-0028
A.D.5.2	012-0014
A.D.5.2	007-0005
A.D.5.2	040-0010
A.D.5.2	006-0023
A.D.5.2	006-0006
A.D.5.2	006-0023_1
A.D.5.2	031-0021
A.D.5.2	031-0016
A.D.5.2	2402V080203
A.D.5.2	hRSV/A/USA/2022EH3HA/2022
A.D.5.2	RSV-A/human/USA/WA-S25712/2022
A.D.5.2	hRSV/A/USA/2022ZFYQ7/2022
A.D.5.2	ASU102697
A.D.5.2	ASU102751
A.D.5.2	hRSV/A/USA/202195752/2021
A.D.5.2	RSV-A/human/USA/MA-Broad_MGH-16600/2023
A.D.5.2	MN-MDH-RSVA-00548
A.D.5.2	MN-MDH-RSVA-00753
A.D.5.2	RSV-A/human/USA/OR-S25160/2024
A.D.5.2	MN-MDH-RSVA-01073
A.D.5.2	MN-MDH-RSVA-00333
A.D.5.2	MN-MDH-RSVA-00889
A.D.5.2	MN-MDH-RSVA-00389
A.D.5.2	MN-MDH-RSVA-00461
A.D.5.2	MN-MDH-RSVA-00977
A.D.5.2	MN-MDH-RSVA-00907
A.D.5.2	MN-MDH-RSVA-00738
A.D.5.2	MN-MDH-RSVA-00206
A.D.5.2	MN-MDH-RSVA-00273
A.D.5.2	MN-MDH-RSVA-00265
A.D.5.2	MN-MDH-RSVA-00913
A.D.5.2	MN-MDH-RSVA-00891
A.D.5.2	MN-MDH-RSVA-01015
A.D.5.2	MN-MDH-RSVA-00996
A.D.5.2	MN-MDH-RSVA-00981
A.D.5.2	MN-MDH-RSVA-01021
A.D.5.2	MN-MDH-RSVA-00543
A.D.5.2	MN-MDH-RSVA-00744
A.D.5.2	MN-MDH-RSVA-00332
A.D.5.2	MN-MDH-RSVA-00609
A.D.5.2	MN-MDH-RSVA-00922
A.D.5.2	HRSV/A/USA/TX-HOU-216767/2023
A.D.5.2	hRSV-A-HS16503
A.D.5.2	hRSV-A-HS16496
A.D.5.2	RSV-A/human/USA/WA-S25738/2022
A.D.5.2	RSV-A/human/USA/WA-S25740/2022
A.D.5.2	hRSV/A/USA/20223TBF2/2022
A.D.5.2	hRSV-A-HS10303
A.D.5.2	hRSV-A-G43Q71T2
A.D.5.2	hRSV-A-HS16189
A.D.5.2	hRSV-A-HS16234
A.D.5.2	hRSV-A-HS15978
A.D.5.2	hRSV-A-HS16052
A.D.5.2	hRSV-A-W13J82D4
A.D.5.2	hRSV-A-D13J36G0
A.D.5.2	hRSV-A-W13J75Y8
A.D.5.2	hRSV-A-W13K31W9
A.D.5.2	hRSV-A-W13J87D6
A.D.5.2	hRSV-A-W13J82U2
A.D.5.2	hRSV-A-D13J36F4
A.D.5.2	hRSV-A-W13K18M4
A.D.5.2	hRSV-A-G43Q32L3
A.D.5.2	hRSV-A-HS16305
A.D.5.2	hRSV-A-HS15650
A.D.5.2	hRSV-A-HS15585
A.D.5.2	PP352370
A.D.5.2	HRSV/A/USA/TX-HOU-215445/2023
A.D.5.2	PP203265
A.D.5.2	PP760401
A.D.5.2	MN-MDH-RSVA-00741
A.D.5.2	A19160796
A.D.5.2	hRSV-A-HS16444
A.D.5.2	hRSV-A-HCV12616
A.D.5.2	ASU102675
A.D.5.2	hRSV/A/Germany/23-00435/2022
A.D.5.2	ASU102680
A.D.5.2	ASU102715
A.D.5.2	hRSV-A-D13J37B4
A.D.5.2	RSV-A/human/USA/WA-S24021/2022
A.D.5.2	RSV-A/human/USA/WA-S23817/2023
A.D.5.2	RSV-A/human/USA/WA-S23818/2023
A.D.5.2	RSV-A/human/USA/WA-S24226/2022
A.D.5.2	ASU101595
A.D.5.2	PP352365
A.D.5.2	RSV/Human/USA/MA-Broad_MGB-13731/2022
A.D.5.2	hRSV-A-HS16069
A.D.5.2	MN-MDH-RSVA-00893
A.D.5.2	HRSV/A/Japan/23RS038iso/2024
A.D.5.2	ASU102714
A.D.5.2	MN-MDH-RSVA-01009
A.D.5.2	RSV-A/human/USA/OR-S24678/2023
A.D.5.2	RSV-A/human/USA/OR-S24688/2023
A.D.5.2	ASU102676
A.D.5.2	ASU102683
A.D.5.2	ASU102712
A.D.5.2	ASU102677
A.D.5.2	ASU102692
A.D.5.2	RSV-A/human/USA/WA-S23767/2022
A.D.5.2	ASU101597
A.D.5.2	ASU102747
A.D.5.2	ASU102706
A.D.5.2	ASU102743
A.D.5.2	ASU102756
A.D.5.2	ASU101601
A.D.5.2	RSV-A/human/USA/OR-S23795/2023
A.D.5.2	hRSV-A-G43Q55A3
A.D.5.2	RSV-A/human/USA/WA-S25713/2022
A.D.5.2	ASU101580
A.D.5.2	RSV/Human/USA/MA-Broad_MGB-13687/2022
A.D.5.2	RSV/Human/USA/MA-Broad_MGB-13613/2022
A.D.5.2	RSV/Human/USA/MA-Broad_MGB-13793/2022
A.D.5.2	RSV/Human/USA/MA-Broad_MGB-13791/2022
A.D.5.2	HRSV/A/USA/TX-HOU-216687/2023
A.D.5.2	ASU101610
A.D.5.2	MN-MDH-RSVA-01341
A.D.5.2	MN-MDH-RSVA-00982
A.D.5.2	hRSV-A-G43S14N3
A.D.5.2	MN-MDH-RSVA-00832
A.D.5.2	PP352343
A.D.5.2	PP352372
A.D.5.2	hRSV-A-HS16266
A.D.5.2	hRSV-A-HCV12045
A.D.5.2	hRSV-A-G25X95H0
A.D.5.2	MN-MDH-RSVA-02211
A.D.5.2	MN-MDH-RSVA-01330
A.D.5.2	MN-MDH-RSVA-01967
A.D.5.2	RSV/Human/USA/MA-Broad_MGB-13756/2022
A.D.5.2	HRSV/A/USA/TX-HOU-215329/2023
A.D.5.2	MN-MDH-RSVA-00347
A.D.5.2	MN-MDH-RSVA-00842
A.D.5.2	MN-MDH-RSVA-00450
A.D.5.2	MN-MDH-RSVA-00675
A.D.5.2	MN-MDH-RSVA-00838
A.D.5.2	MN-MDH-RSVA-00829
A.D.5.2	MN-MDH-RSVA-00840
A.D.5.2	RSVA/human/USA/NE-USAFSAM-R00016/2022
A.D.5.2	RSVA/human/USA/MO-USAFSAM-R00038/2022
A.D.5.2	RSVA/human/USA/AK-USAFSAM-R00008/2022
A.D.5.2	RSVA/human/USA/NM-USAFSAM-R00025/2022
A.D.5.2	MN-MDH-RSVA-02188
A.D.5.2	MN-MDH-RSVA-01851
A.D.5.2	MN-MDH-RSVA-01855
A.D.5.2	MN-MDH-RSVA-02540
A.D.5.2	MN-MDH-RSVA-02766
A.D.5.2	MN-MDH-RSVA-01895
A.D.5.2	MN-MDH-RSVA-02530
A.D.5.2	MN-MDH-RSVA-01782
A.D.5.2	MN-MDH-RSVA-02193
A.D.5.2	PP760387
A.D.5.2	hRSV/A/USA/202234AM6/2022
A.D.5.2	RSV-A/human/USA/WA-S25728/2022
A.D.5.2	hRSV/A/USA/202276NDB/2022
A.D.5.2	PP760399
A.D.5.2	RSV/A/USA/D772T8/2022
A.D.5.2	RSV-A/human/USA/WA-S25718/2022
A.D.5.2	hRSV/A/USA/20222T321/2022
A.D.5.2	Respiratory_swabs_9
A.D.5.2	010-0039
A.D.5.2	040-0052
A.D.5.2	RSV-A/human/USA/WA-S26020/2023
A.D.5.2	RSV/Human/USA/MA-Broad_MGB-13719/2022
A.D.5.2	hRSV/A/Panama/ICGES-335/2023
A.D.5.2	MN-MDH-RSVA-01322
A.D.5.2	RSV-A/human/USA/MA-Broad_BWH-19957/2023
A.D.5.2	PP352332
A.D.5.2	A18321044
A.D.5.2	A18321078
A.D.5.2	A18321010
A.D.5.2	A18321011
A.D.5.2	A18321009
A.D.5.2	HRSV/A/USA/TX-HOU-217870/2024
A.D.5.2	RSV-A/human/USA/MA-Broad_BWH-19903/2023
A.D.5.2	hRSV-A-G43R46M0
A.D.5.2	RSV-A/human/USA/MA-Broad_BWH-17409/2024
A.D.5.2	RSV-A/human/USA/MA-Broad_MGH-16525/2023
A.D.5.2	RSV-A/human/USA/MA-Broad_MGH-16389/2023
A.D.5.2	ASU102768
A.D.5.2	RSV/Human/USA/MA-Broad_MGB-13749/2022
A.D.5.2	RSVA/human/USA/KY-USAFSAM-R00049/2022
A.D.5.2	HRSV/A/USA/TX-HOU-217608/2024
A.D.5.2	MN-MDH-RSVA-01000
A.D.5.2	HRSV/A/USA/TX-HOU-216356/2023
A.D.5.2	RSV-A/human/USA/MA-Broad_MGH-16125/2023
A.D.5.2	RSV-A/human/USA/MA-Broad_MGH-21510/2023
A.D.5.2	RSV-A/human/USA/MA-Broad_MGH-21549/2023
A.D.5.2	RSV-A/human/USA/WA-S25747/2022
A.D.5.2	RSV-A/human/USA/WA-S25759/2022
A.D.5.2	RSV-A/human/USA/WA-S23765/2022
A.D.5.2	RSV-A/human/USA/WA-S25743/2022
A.D.5.2	RSV-A/human/USA/WA-S23772/2022
A.D.5.2	RSVA/human/USA/CA-USAFSAM-R00026/2022
A.D.5.2	RSVA/human/USA/CA-USAFSAM-R00027/2022
A.D.5.2	RSV-A/human/USA/WA-S25749/2022
A.D.5.2	RSV-A/human/USA/WA-S23769/2022
A.D.5.2	PP760404
A.D.5.2	RSV-A/human/USA/WA-S25751/2023
A.D.5.2	RSV-A/human/USA/WA-S25776/2023
A.D.5.2	RSV-A/human/USA/MA-Broad_MGH-23528/2025
A.D.5.2	MN-MDH-RSVA-02748
A.D.5.2	RSV-A/human/USA/WA-S25716/2022
A.D.5.2	hRSV/A/USA/2022FLDV8/2022
A.D.5.2	RSV-A/human/USA/WA-S23809/2022
A.D.5.2	MN-MDH-RSVA-00449
A.D.5.2	MN-MDH-RSVA-00995
A.D.5.2	hRSV-A-D13J36I1
A.D.5.2	MN-MDH-RSVA-00673
A.D.5.2	MN-MDH-RSVA-01962
A.D.5.2	MN-MDH-RSVA-01232
A.D.5.2	MN-MDH-RSVA-02681
A.D.5.2	MN-MDH-RSVA-02423
A.D.5.2	MN-MDH-RSVA-01541
A.D.5.2	MN-MDH-RSVA-01578
A.D.5.2	hRSV-A-HS18862
A.D.5.2	A19160781
A.D.5.2	MN-MDH-RSVA-02448
A.D.5.2	MN-MDH-RSVA-02573
A.D.5.2	RSV-A/human/USA/WA-S26022/2023
A.D.5.2	RSV-A/human/USA/WA-S26021/2023
A.D.5.2	RSV-A/human/USA/WA-S24909/2024
A.D.5.2	HRSV/A/USA/TX-HOU-215373/2023
A.D.5.2	MN-MDH-RSVA-00760
A.D.5.2	MN-MDH-RSVA-00180
A.D.5.2	MN-MDH-RSVA-00908
A.D.5.2	MN-MDH-RSVA-00165
A.D.5.2	MN-MDH-RSVA-00457
A.D.5.2	MN-MDH-RSVA-00683
A.D.5.2	MN-MDH-RSVA-00618
A.D.5.2	MN-MDH-RSVA-01071
A.D.5.2	MN-MDH-RSVA-00288
A.D.5.2	MN-MDH-RSVA-00998
A.D.5.2	MN-MDH-RSVA-01006
